"_STATUS","Position","_PREV_Position","Vehicle Name","Vehicle Type","Availability","Engine Type","Transmission","Power","Color","Mileage","Registration Date","Monthly Rate","Vehicle Price","Down Payment","Loan Amount","Final Payment","Annual Interest Rate","CO2 Emissions","Details Link","Vehicle Image","_PREV_Vehicle Name","_PREV_Vehicle Type","_PREV_Availability","_PREV_Engine Type","_PREV_Transmission","_PREV_Power","_PREV_Color","_PREV_Mileage","_PREV_Registration Date","_PREV_Monthly Rate","_PREV_Vehicle Price","_PREV_Down Payment","_PREV_Loan Amount","_PREV_Final Payment","_PREV_Annual Interest Rate","_PREV_CO2 Emissions","_PREV_Details Link","_PREV_Vehicle Image"
"CHANGED",1,3,"Hyundai SANTA FE HEV 4WD SIGNATURE Intro 20"" SR +18"" WR","Tageszulassung","Sofort verfügbar","Hybrid (Benzin/Elektro)","Automatik","158 kW (215 Ps)","Grau / Cyber Sage","10 Km","01/2025","588 €","49.880 €","9.976 €","39.904 €","24.940 €","6.49 %","158 g/km CO₂;","https://darmas.de/fahrzeugmarkt/details/67375e3fe9b9ca11225e9e61","https://darmas-vehicle-images.s3.eu-central-1.amazonaws.com/carcutter-download/864a66741548449148be71082e3586891_ori_small.jpg",,,,,,,,,,,,,,,,,,
"REMOVED",,2,,,,,,,,,,,,,,,,,,,"Jeep COMPASS 1,3 PHEV S Plug-In Hybrid 4WD Automatik","Gebrauchtfahrzeug","Sofort verfügbar","Hybrid (Benzin/Elektro)","Automatik","177 kW (241 Ps)","Schwarz / Black Clear Coat","48.600 Km","04/2022","232 €","24.990 €","4.998 €","19.992 €","14.994 €","6.49 %",,"https://darmas.de/fahrzeugmarkt/details/67ceb7af1e682b2fa5180a85","https://darmas-vehicle-images.s3.eu-central-1.amazonaws.com/670e5e9a5a784adcc2a59188/cb56f10f19fdf4dcea5b7102558ba8c2f4_ori_small.jpg"
"CHANGED",2,4,"Hyundai SANTA FE HEV 4WD SIGNATURE Intro 20"" SR +18"" WR","Tageszulassung","Sofort verfügbar","Hybrid (Benzin/Elektro)","Automatik","158 kW (215 Ps)","Grau / Magnetic Grey","10 Km","01/2025","588 €","49.880 €","9.976 €","39.904 €","24.940 €","6.49 %","158 g/km CO₂;","https://darmas.de/fahrzeugmarkt/details/67375da3e9b9ca11225dfa1c","https://darmas-vehicle-images.s3.eu-central-1.amazonaws.com/carcutter-download/b2e6496cfd10c52cc9934ed9cf1693d4f_ori_small.jpg",,,,,,,,,,,,,,,,,,
"CHANGED",3,13,"Hyundai SANTA FE HEV 4WD SIGNATURE Intro 20"" SR +18"" WR","Neufahrzeug","Sofort verfügbar","Hybrid (Benzin/Elektro)","Automatik","158 kW (215 Ps)","Grau / Cyber Sage",,,"441 €","50.990 €","10.198 €","40.792 €","31.820 €","6.49 %","158 g/km CO₂;","https://darmas.de/fahrzeugmarkt/details/67375d17e9b9ca11225cadf1","https://darmas-vehicle-images.s3.eu-central-1.amazonaws.com/carcutter-download/864a66741548449148be71082e3586891_ori_small.jpg",,,,,,,,,,,,,,,,,,
"CHANGED",4,14,"Hyundai SANTA FE HEV 4WD SIGNATURE Intro 20"" SR +18"" WR","Neufahrzeug","Sofort verfügbar","Hybrid (Benzin/Elektro)","Automatik","158 kW (215 Ps)","Grau / Cyber Sage",,,"441 €","50.990 €","10.198 €","40.792 €","31.820 €","6.49 %","158 g/km CO₂;","https://darmas.de/fahrzeugmarkt/details/67375cf7e9b9ca11225c0d6d","https://darmas-vehicle-images.s3.eu-central-1.amazonaws.com/carcutter-download/864a66741548449148be71082e3586891_ori_small.jpg",,,,,,,,,,,,,,,,,,
"CHANGED",5,12,"Hyundai SANTA FE HEV 4WD SIGNATURE Intro 20"" SR +18"" WR","Neufahrzeug","Sofort verfügbar","Hybrid (Benzin/Elektro)","Automatik","158 kW (215 Ps)","Schwarz / Abyss Black",,,"420 €","49.990 €","9.998 €","39.992 €","31.720 €","6.49 %","158 g/km CO₂;","https://darmas.de/fahrzeugmarkt/details/67375c9ae9b9ca11225accb0","https://darmas-vehicle-images.s3.eu-central-1.amazonaws.com/carcutter-download/f89c3c857bd2893f0fe1077674ef49518_ori_small.jpg",,,,,,,,,,,,,,,,,,
"CHANGED",6,5,"Hyundai SANTA FE HEV 4WD SIGNATURE Intro 20"" SR +18"" WR","Neufahrzeug","Sofort verfügbar","Hybrid (Benzin/Elektro)","Automatik","158 kW (215 Ps)","Grau / Cyber Sage",,,"441 €","50.990 €","10.198 €","40.792 €","31.820 €","6.49 %","158 g/km CO₂;","https://darmas.de/fahrzeugmarkt/details/67375c4ce9b9ca1122598e66","https://darmas-vehicle-images.s3.eu-central-1.amazonaws.com/carcutter-download/864a66741548449148be71082e3586891_ori_small.jpg",,,,,,,,,,,,,,,,,,
"CHANGED",7,6,"Hyundai SANTA FE HEV 4WD SIGNATURE Intro 20"" SR +18"" WR","Neufahrzeug","Sofort verfügbar","Hybrid (Benzin/Elektro)","Automatik","158 kW (215 Ps)","Schwarz / Abyss Black",,,"420 €","49.990 €","9.998 €","39.992 €","31.720 €","6.49 %","158 g/km CO₂;","https://darmas.de/fahrzeugmarkt/details/67375c18e9b9ca112258efd7","https://darmas-vehicle-images.s3.eu-central-1.amazonaws.com/carcutter-download/f89c3c857bd2893f0fe1077674ef49518_ori_small.jpg",,,,,,,,,,,,,,,,,,
"CHANGED",8,11,"Hyundai SANTA FE HEV 4WD SIGNATURE Intro 20"" SR +18"" WR","Neufahrzeug","Sofort verfügbar","Hybrid (Benzin/Elektro)","Automatik","158 kW (215 Ps)","Grau / Magnetic Grey",,,"420 €","49.990 €","9.998 €","39.992 €","31.720 €","6.49 %","158 g/km CO₂;","https://darmas.de/fahrzeugmarkt/details/67375bcae9b9ca112258512e","https://darmas-vehicle-images.s3.eu-central-1.amazonaws.com/carcutter-download/b2e6496cfd10c52cc9934ed9cf1693d4f_ori_small.jpg",,,,,,,,,,,,,,,,,,
"CHANGED",9,10,"Hyundai SANTA FE HEV 4WD SIGNATURE Intro 20"" SR +18"" WR","Neufahrzeug","Sofort verfügbar","Hybrid (Benzin/Elektro)","Automatik","158 kW (215 Ps)","Schwarz / Abyss Black",,,"420 €","49.990 €","9.998 €","39.992 €","31.720 €","6.49 %","158 g/km CO₂;","https://darmas.de/fahrzeugmarkt/details/67375b9ce9b9ca112257b30c","https://darmas-vehicle-images.s3.eu-central-1.amazonaws.com/carcutter-download/f89c3c857bd2893f0fe1077674ef49518_ori_small.jpg",,,,,,,,,,,,,,,,,,
"CHANGED",10,15,"Hyundai SANTA FE HEV 4WD SIGNATURE Intro 20"" SR +18"" WR","Vorführfahrzeug",,"Hybrid (Benzin/Elektro)","Automatik","158 kW (215 Ps)","Grau / Cyber Sage","861 Km","01/2025","587 €","49.790 €","9.958 €","39.832 €","24.895 €","6.49 %","158 g/km CO₂;","https://darmas.de/fahrzeugmarkt/details/67375b17e9b9ca1122567752","https://darmas-vehicle-images.s3.eu-central-1.amazonaws.com/carcutter-download/864a66741548449148be71082e3586891_ori_small.jpg",,,,,,,,,,,,,,,,,,
"CHANGED",11,9,"Hyundai SANTA FE HEV 4WD SIGNATURE Intro 20"" SR +18"" WR","Neufahrzeug","Sofort verfügbar","Hybrid (Benzin/Elektro)","Automatik","158 kW (215 Ps)","Grau / Magnetic Grey",,,"420 €","49.990 €","9.998 €","39.992 €","31.720 €","6.49 %","158 g/km CO₂;","https://darmas.de/fahrzeugmarkt/details/67375af1e9b9ca112255d9de","https://darmas-vehicle-images.s3.eu-central-1.amazonaws.com/carcutter-download/b2e6496cfd10c52cc9934ed9cf1693d4f_ori_small.jpg",,,,,,,,,,,,,,,,,,
"CHANGED",12,7,"Hyundai SANTA FE HEV 4WD SIGNATURE Intro 20"" SR +18"" WR","Tageszulassung","Sofort verfügbar","Hybrid (Benzin/Elektro)","Automatik","158 kW (215 Ps)","Schwarz / Abyss Black","10 Km","01/2025","588 €","49.880 €","9.976 €","39.904 €","24.940 €","6.49 %","158 g/km CO₂;","https://darmas.de/fahrzeugmarkt/details/67375998e9b9ca11225101ee","https://darmas-vehicle-images.s3.eu-central-1.amazonaws.com/carcutter-download/f89c3c857bd2893f0fe1077674ef49518_ori_small.jpg",,,,,,,,,,,,,,,,,,
"CHANGED",13,1,"Hyundai SANTA FE HEV 4WD SIGNATURE Intro 20"" SR +18"" WR","Neufahrzeug","Sofort verfügbar","Hybrid (Benzin/Elektro)","Automatik","158 kW (215 Ps)","Schwarz / Abyss Black",,,"420 €","49.990 €","9.998 €","39.992 €","31.720 €","6.49 %","158 g/km CO₂;","https://darmas.de/fahrzeugmarkt/details/6737593ce9b9ca11224fcf32","https://darmas-vehicle-images.s3.eu-central-1.amazonaws.com/carcutter-download/f89c3c857bd2893f0fe1077674ef49518_ori_small.jpg",,,,,,,,,,,,,,,,,,
"CHANGED",14,8,"Hyundai SANTA FE HEV 4WD SIGNATURE Intro 20"" SR +18"" WR","Neufahrzeug","Sofort verfügbar","Hybrid (Benzin/Elektro)","Automatik","158 kW (215 Ps)","Grau / Cyber Sage",,,"441 €","50.990 €","10.198 €","40.792 €","31.820 €","6.49 %","158 g/km CO₂;","https://darmas.de/fahrzeugmarkt/details/673758e4e9b9ca11224e9f4e","https://darmas-vehicle-images.s3.eu-central-1.amazonaws.com/carcutter-download/864a66741548449148be71082e3586891_ori_small.jpg",,,,,,,,,,,,,,,,,,
"CHANGED",15,16,"Hyundai SANTA FE HEV 4WD SIGNATURE Intro 20"" SR +18"" WR","Neufahrzeug","Sofort verfügbar","Hybrid (Benzin/Elektro)","Automatik","158 kW (215 Ps)","Grau / Magnetic Grey",,,"404 €","49.990 €","9.998 €","39.992 €","32.320 €","6.49 %","160 g/km CO₂;","https://darmas.de/fahrzeugmarkt/details/670cd9deaff81bed8e638271","https://darmas-vehicle-images.s3.eu-central-1.amazonaws.com/dp24VehicleId/5f4295227621061418765f77c8af8c2b0_ori_small.jpg",,,,,,,,,,,,,,,,,,
"ADDED",16,,"Hyundai i20 1.0 Turbo DCT Trend Mod. 25 Navi Kamera Alu","Neufahrzeug",,"Benzin","Automatik","74 kW (101 Ps)","Rot / Dragon Red",,,"231 €","22.890 €","4.578 €","18.312 €","13.010 €","6.49 %","122 g/km CO₂;","https://darmas.de/fahrzeugmarkt/details/67efd37e8aafb529779c9604","https://darmas-vehicle-images.s3.eu-central-1.amazonaws.com/carcutter-download/8ee1af3d90a61bc21bbeea59a161890b_ori_small.jpg",,,,,,,,,,,,,,,,,,
"REMOVED",,17,,,,,,,,,,,,,,,,,,,"Hyundai i10 NEUES Modell MY25 1.0 Select Klima Navi DAB","Neufahrzeug","Sofort verfügbar","Benzin","Schaltgetriebe","49 kW (67 Ps)","Grün / Mangrove Green",,,"174 €","15.890 €","3.178 €","12.712 €","8.495 €","6.49 %","110 g/km CO₂;","https://darmas.de/fahrzeugmarkt/details/6763ca9cf108aaee6f1fc30f","https://darmas-vehicle-images.s3.eu-central-1.amazonaws.com/carcutter-download/5eb10a81d67546e4cbc24b073357d69e1_ori_small.jpg"
"ADDED",17,,"Hyundai i30 1.0 Turbo 48V Trend Klimaaut. 17 Alu TOP","Gebrauchtfahrzeug","Sofort verfügbar","Benzin","Schaltgetriebe","88 kW (120 Ps)","Schwarz / Phantom Black","17.617 Km","03/2023","167 €","17.990 €","3.598 €","14.392 €","10.794 €","6.49 %","115 g/km CO₂;","https://darmas.de/fahrzeugmarkt/details/67efc81c8aafb5297798b28b","https://darmas-vehicle-images.s3.eu-central-1.amazonaws.com/carcutter-download/df94788bdc4b8d3ba329729d9aa82ea3_ori_small.jpg",,,,,,,,,,,,,,,,,,
"REMOVED",,18,,,,,,,,,,,,,,,,,,,"Hyundai KONA Elektro MY25 65 kWh Trend Navi LED","Neufahrzeug","Sofort verfügbar","Elektro","Automatik","160 kW (218 Ps)","Blau / Sailing Blue",,,"445 €","41.930 €","8.386 €","33.544 €","22.920 €","6.49 %","0 g/km CO₂;","https://darmas.de/fahrzeugmarkt/details/67a089d79e7b0d14a13b74ea","https://darmas-vehicle-images.s3.eu-central-1.amazonaws.com/carcutter-download/21f313611e3a1666d103ffc95b9d84784_ori_small.jpg"
"ADDED",18,,"Hyundai i30 1.0 Turbo 48V Trend Klimaaut. 17 Alu TOP","Gebrauchtfahrzeug","Sofort verfügbar","Benzin","Schaltgetriebe","88 kW (120 Ps)","Grau / Amazon Grey","19.019 Km","05/2023","167 €","17.990 €","3.598 €","14.392 €","10.794 €","6.49 %","115 g/km CO₂;","https://darmas.de/fahrzeugmarkt/details/67efc78c8aafb5297798a53e","https://darmas-vehicle-images.s3.eu-central-1.amazonaws.com/dp24VehicleId/8eb65995ac54b186110cb827887323102e_ori_small.jpg",,,,,,,,,,,,,,,,,,
"REMOVED",,19,,,,,,,,,,,,,,,,,,,"Hyundai KONA Elektro MY25 65 kWh Trend Navi LED","Neufahrzeug","Sofort verfügbar","Elektro","Automatik","160 kW (218 Ps)","Blau / Sailing Blue",,,"329 €","37.190 €","7.438 €","29.752 €","22.920 €","6.49 %","0 g/km CO₂;","https://darmas.de/fahrzeugmarkt/details/67a0898a9e7b0d14a13a9b3b","https://darmas-vehicle-images.s3.eu-central-1.amazonaws.com/carcutter-download/21f313611e3a1666d103ffc95b9d84784_ori_small.jpg"
"ADDED",19,,"Hyundai i30 1.0 Turbo 48V Trend Klimaaut. 17 Alu TOP","Gebrauchtfahrzeug","Sofort verfügbar","Benzin","Schaltgetriebe","88 kW (120 Ps)","Grau / Amazon Grey","20.644 Km","06/2023","167 €","17.990 €","3.598 €","14.392 €","10.794 €","6.49 %","115 g/km CO₂;","https://darmas.de/fahrzeugmarkt/details/67efc74b8aafb529779898a5","https://darmas-vehicle-images.s3.eu-central-1.amazonaws.com/dp24VehicleId/8eb65995ac54b186110cb827887323102e_ori_small.jpg",,,,,,,,,,,,,,,,,,
"REMOVED",,20,,,,,,,,,,,,,,,,,,,"Kia cee'd sw Plug-in-Hybrid Vision Navi LED TOP","Gebrauchtfahrzeug","Sofort verfügbar","Hybrid (Benzin/Elektro)","Automatik","104 kW (141 Ps)","Blau / Blue Flame met.","9.633 Km","05/2021","213 €","22.990 €","4.598 €","18.392 €","13.794 €","6.49 %",,"https://darmas.de/fahrzeugmarkt/details/67ed05fec06603672eb96f50","https://darmas-vehicle-images.s3.eu-central-1.amazonaws.com/placebo/aa43d6dab2b7f7b421007a736f63019e_ori_small.jpg"
"ADDED",20,,"Hyundai i30 1.0 Turbo 48V Trend Klimaaut. 17 Alu TOP","Gebrauchtfahrzeug","Sofort verfügbar","Benzin","Schaltgetriebe","88 kW (120 Ps)","Grau / Amazon Grey","22.950 Km","07/2023","167 €","17.990 €","3.598 €","14.392 €","10.794 €","6.49 %","115 g/km CO₂;","https://darmas.de/fahrzeugmarkt/details/67efc1d08aafb52977947dd5","https://darmas-vehicle-images.s3.eu-central-1.amazonaws.com/dp24VehicleId/8eb65995ac54b186110cb827887323102e_ori_small.jpg",,,,,,,,,,,,,,,,,,
"REMOVED",,21,,,,,,,,,,,,,,,,,,,"Hyundai i20 1.2 Select - Allwetterreifen, Klima","Gebrauchtfahrzeug","Sofort verfügbar","Benzin","Schaltgetriebe","62 kW (84 Ps)","Grau / Star Dust","38.230 Km","07/2020","107 €","11.490 €","2.298 €","9.192 €","6.894 €","6.49 %",,"https://darmas.de/fahrzeugmarkt/details/67e573a27a23a5fb4e117f55","https://darmas-vehicle-images.s3.eu-central-1.amazonaws.com/placebo/d70e78888fe4de6eb0fbfb36104b0feda_ori_small.jpg"
"ADDED",21,,"Hyundai i30 1.0 Turbo 48V Trend Klimaaut. 17 Alu TOP","Gebrauchtfahrzeug","Sofort verfügbar","Benzin","Schaltgetriebe","88 kW (120 Ps)","Grau / Amazon Grey","28.591 Km","08/2023","167 €","17.990 €","3.598 €","14.392 €","10.794 €","6.49 %","115 g/km CO₂;","https://darmas.de/fahrzeugmarkt/details/67efc17d8aafb52977939d14","https://darmas-vehicle-images.s3.eu-central-1.amazonaws.com/dp24VehicleId/8eb65995ac54b186110cb827887323102e_ori_small.jpg",,,,,,,,,,,,,,,,,,
"REMOVED",,22,,,,,,,,,,,,,,,,,,,"Kia Ceed Platinum PHEV","Gebrauchtfahrzeug","Sofort verfügbar","Hybrid (Benzin/Elektro)","Automatik","104 kW (141 Ps)","Weiß /","39.500 Km","01/2022","213 €","22.990 €","4.598 €","18.392 €","13.794 €","6.49 %",,"https://darmas.de/fahrzeugmarkt/details/67e557cf7a23a5fb4e0f92d3","https://darmas-vehicle-images.s3.eu-central-1.amazonaws.com/placebo/aa43d6dab2b7f7b421007a736f63019e_ori_small.jpg"
"ADDED",22,,"Hyundai i30 1.0 Turbo 48V Select Funktionsp. 16 Alu TOP","Gebrauchtfahrzeug","Sofort verfügbar","Benzin","Schaltgetriebe","88 kW (120 Ps)","Silber / Shimmering Silver","13.655 Km","03/2022","162 €","17.490 €","3.498 €","13.992 €","10.494 €","6.49 %","137 g/km CO₂;","https://darmas.de/fahrzeugmarkt/details/67efb6751c71406f62931ac9","https://darmas-vehicle-images.s3.eu-central-1.amazonaws.com/carcutter-download/1569d231e7226710d7108bc5742b2c671b_ori_small.jpg",,,,,,,,,,,,,,,,,,
"REMOVED",,23,,,,,,,,,,,,,,,,,,,"Hyundai i30 1.0 Turbo 7-DCT Edition 30+ Navi Klimaaut.","Gebrauchtfahrzeug","Sofort verfügbar","Benzin","Automatik","88 kW (120 Ps)","Weiß / Polar White","55.835 Km","09/2021","158 €","16.990 €","3.398 €","13.592 €","10.194 €","6.49 %","123 g/km CO₂;","https://darmas.de/fahrzeugmarkt/details/67dd2e6891211fb915283bd0","https://darmas-vehicle-images.s3.eu-central-1.amazonaws.com/placebo/d70e78888fe4de6eb0fbfb36104b0feda_ori_small.jpg"
"ADDED",23,,"Hyundai i30 1.0 Turbo 48V Trend Klimaaut. 17 Alu TOP","Gebrauchtfahrzeug","Sofort verfügbar","Benzin","Schaltgetriebe","88 kW (120 Ps)","Grau / Dark Knight","25.377 Km","01/2023","167 €","17.990 €","3.598 €","14.392 €","10.794 €","6.49 %","115 g/km CO₂;","https://darmas.de/fahrzeugmarkt/details/67efb0eaa8cb0d5f5762db53","https://darmas-vehicle-images.s3.eu-central-1.amazonaws.com/dp24VehicleId/73210512f6bbcd781393b720a64afddd2_ori_small.jpg",,,,,,,,,,,,,,,,,,
"REMOVED",,24,,,,,,,,,,,,,,,,,,,"Hyundai i20 1.0 Turbo Trend Klimaaut. Navi Apple TOP","Gebrauchtfahrzeug","Sofort verfügbar","Benzin","Schaltgetriebe","74 kW (101 Ps)","Grau / Aurora Grey","9.606 Km","06/2024","195 €","20.990 €","4.198 €","16.792 €","12.594 €","6.49 %","119 g/km CO₂;","https://darmas.de/fahrzeugmarkt/details/67d94bfba97bf6d8f582ab3d","https://darmas-vehicle-images.s3.eu-central-1.amazonaws.com/placebo/d70e78888fe4de6eb0fbfb36104b0feda_ori_small.jpg"
"ADDED",24,,"Hyundai i30 1.0 Turbo 48V Trend Klimaaut. 17 Alu TOP","Gebrauchtfahrzeug","Sofort verfügbar","Benzin","Schaltgetriebe","88 kW (120 Ps)","Grau / Dark Knight","16.996 Km","09/2022","167 €","17.990 €","3.598 €","14.392 €","10.794 €","6.49 %","115 g/km CO₂;","https://darmas.de/fahrzeugmarkt/details/67efb0a4a8cb0d5f5762d18c","https://darmas-vehicle-images.s3.eu-central-1.amazonaws.com/dp24VehicleId/73210512f6bbcd781393b720a64afddd2_ori_small.jpg",,,,,,,,,,,,,,,,,,
"REMOVED",,25,,,,,,,,,,,,,,,,,,,"Hyundai i30 Kombi 1.5 Turbo DCT 48V Trend Apple PDC TOP","Gebrauchtfahrzeug","Sofort verfügbar","Benzin","Automatik","118 kW (160 Ps)","Rot / Engine Red","15.548 Km","05/2024","204 €","21.990 €","4.398 €","17.592 €","13.194 €","6.49 %","142 g/km CO₂;","https://darmas.de/fahrzeugmarkt/details/67d3e2cff14befe1c1832b3f","https://darmas-vehicle-images.s3.eu-central-1.amazonaws.com/placebo/d70e78888fe4de6eb0fbfb36104b0feda_ori_small.jpg"
"ADDED",25,,"Hyundai i30 1.0 Turbo 48V Trend Klimaaut. 17 Alu TOP","Gebrauchtfahrzeug","Sofort verfügbar","Benzin","Schaltgetriebe","88 kW (120 Ps)","Grau / Dark Knight","17.966 Km","07/2023","167 €","17.990 €","3.598 €","14.392 €","10.794 €","6.49 %","115 g/km CO₂;","https://darmas.de/fahrzeugmarkt/details/67efb040a8cb0d5f5762c500","https://darmas-vehicle-images.s3.eu-central-1.amazonaws.com/dp24VehicleId/73210512f6bbcd781393b720a64afddd2_ori_small.jpg",,,,,,,,,,,,,,,,,,
"REMOVED",,26,,,,,,,,,,,,,,,,,,,"Hyundai i30 1.0 Turbo DCT 48V Trend Navi LED TOP Apple","Gebrauchtfahrzeug","Sofort verfügbar","Benzin","Automatik","88 kW (120 Ps)","Rot / Engine Red","15.327 Km","06/2024","204 €","21.990 €","4.398 €","17.592 €","13.194 €","6.49 %","140 g/km CO₂;","https://darmas.de/fahrzeugmarkt/details/67d2e3a8f14befe1c169efe8","https://darmas-vehicle-images.s3.eu-central-1.amazonaws.com/placebo/d70e78888fe4de6eb0fbfb36104b0feda_ori_small.jpg"
"ADDED",26,,"Hyundai i30 1.0 Turbo 48V Trend Klimaaut. 17 Alu TOP","Gebrauchtfahrzeug","Sofort verfügbar","Benzin","Schaltgetriebe","88 kW (120 Ps)","Grau / Dark Knight","20.221 Km","08/2022","167 €","17.990 €","3.598 €","14.392 €","10.794 €","6.49 %","115 g/km CO₂;","https://darmas.de/fahrzeugmarkt/details/67efafa6a8cb0d5f5762b55f","https://darmas-vehicle-images.s3.eu-central-1.amazonaws.com/dp24VehicleId/73210512f6bbcd781393b720a64afddd2_ori_small.jpg",,,,,,,,,,,,,,,,,,
"REMOVED",,27,,,,,,,,,,,,,,,,,,,"BMW 218i Gran Tourer Aut M-Sport Navi Pano 7-Sitzer","Gebrauchtfahrzeug","Sofort verfügbar","Benzin","Automatik","103 kW (140 Ps)","Grau / Mineralgrau Metallic","76.100 Km","11/2019","204 €","21.990 €","4.398 €","17.592 €","13.194 €","6.49 %",,"https://darmas.de/fahrzeugmarkt/details/67d14d0cf14befe1c12a2f79","https://darmas-vehicle-images.s3.eu-central-1.amazonaws.com/placebo/aa43d6dab2b7f7b421007a736f63019e_ori_small.jpg"
"ADDED",27,,"Opel Mokka GS Line 1.2 8-A/T Navi DAB LED 1. Hd. TOP","Gebrauchtfahrzeug","Sofort verfügbar","Benzin","Automatik","96 kW (131 Ps)","Grün / Matcha Green Met./ Dach Schwarz","6.212 Km","03/2024","218 €","23.490 €","4.698 €","18.792 €","14.094 €","6.49 %",,"https://darmas.de/fahrzeugmarkt/details/67efadf9a8cb0d5f57629cf2","https://darmas-vehicle-images.s3.eu-central-1.amazonaws.com/carcutter-download/44b150a1c98010f3a23c10d6f75a8accb_ori_small.jpg",,,,,,,,,,,,,,,,,,
"REMOVED",,28,,,,,,,,,,,,,,,,,,,"Mercedes-Benz CLA 200 Shooting Brake 7G-DCT AMG Line 19"" Navi","Gebrauchtfahrzeug","Sofort verfügbar","Benzin","Automatik","120 kW (163 Ps)","Schwarz / Kosmosschwarz Metallic","61.300 Km","12/2020","250 €","26.990 €","5.398 €","21.592 €","16.194 €","6.49 %",,"https://darmas.de/fahrzeugmarkt/details/67b82f2aeaf635476efc96c0","https://darmas-vehicle-images.s3.eu-central-1.amazonaws.com/placebo/aa43d6dab2b7f7b421007a736f63019e_ori_small.jpg"
"ADDED",28,,"Hyundai TUCSON Plug-in-Hybrid N Line 4WD Navi 19 Alu","Gebrauchtfahrzeug",,"Hybrid (Benzin/Elektro)","Automatik","195 kW (265 Ps)","Silber / Shimmering Silver","61.082 Km","03/2022","278 €","29.990 €","5.998 €","23.992 €","17.994 €","6.49 %","CO₂-Klasse: B;","https://darmas.de/fahrzeugmarkt/details/67efaca2a8cb0d5f5761ae0e","https://darmas-vehicle-images.s3.eu-central-1.amazonaws.com/dp24VehicleId/4c966b73a95d01cd8136d850a06decad_ori_small.jpg",,,,,,,,,,,,,,,,,,
"REMOVED",,29,,,,,,,,,,,,,,,,,,,"Jeep COMPASS MY2 1.5 MHEV Summit","Gebrauchtfahrzeug","Sofort verfügbar","Hybrid (Benzin/Elektro)","Automatik","96 kW (131 Ps)","Weiß / weiß","27.220 Km","04/2024","269 €","28.990 €","5.798 €","23.192 €","17.394 €","6.49 %",,"https://darmas.de/fahrzeugmarkt/details/67daa2645f4274591bcb13ec","https://darmas-vehicle-images.s3.eu-central-1.amazonaws.com/placebo/aa43d6dab2b7f7b421007a736f63019e_ori_small.jpg"
"ADDED",29,,"Hyundai H350 2.5 L3H2 Werkstattausrüstung Tachograph","Gebrauchtfahrzeug","Sofort verfügbar","Diesel","Schaltgetriebe","125 kW (170 Ps)","Schwarz / Weiß","88.500 Km","12/2017","209 €","22.490 €","4.498 €","17.992 €","13.494 €","6.49 %",,"https://darmas.de/fahrzeugmarkt/details/67b6ff4ceaf635476eea3c62","https://darmas-vehicle-images.s3.eu-central-1.amazonaws.com/carcutter-download/0241ce9a65ca5288c5cc4ada31a6a48a_ori_small.jpg",,,,,,,,,,,,,,,,,,
"REMOVED",,30,,,,,,,,,,,,,,,,,,,"Hyundai Kona 1.0 T-Gdi 48V N-Line","Gebrauchtfahrzeug","Sofort verfügbar","Benzin","Schaltgetriebe","88 kW (120 Ps)","Blau / Blau","63.890 Km","07/2021","153 €","16.490 €","3.298 €","13.192 €","9.894 €","6.49 %",,"https://darmas.de/fahrzeugmarkt/details/67ebb407afc80d8d03225d3b","https://darmas-vehicle-images.s3.eu-central-1.amazonaws.com/placebo/aa43d6dab2b7f7b421007a736f63019e_ori_small.jpg"
"ADDED",30,,"Hyundai i30 1.0 Turbo 48V Trend Klimaaut. 17 Alu TOP","Gebrauchtfahrzeug","Sofort verfügbar","Benzin","Schaltgetriebe","88 kW (120 Ps)","Grau / Amazon Grey","28.954 Km","05/2023","167 €","17.990 €","3.598 €","14.392 €","10.794 €","6.49 %","115 g/km CO₂;","https://darmas.de/fahrzeugmarkt/details/67efa57aa8cb0d5f575fc3d6","https://darmas-vehicle-images.s3.eu-central-1.amazonaws.com/dp24VehicleId/8eb65995ac54b186110cb827887323102e_ori_small.jpg",,,,,,,,,,,,,,,,,,
"REMOVED",,31,,,,,,,,,,,,,,,,,,,"Ford FOCUS Turnier 1,0 EcoBoost Cool & Connect","Gebrauchtfahrzeug","Sofort verfügbar","Benzin","Schaltgetriebe","92 kW (125 Ps)","Schwarz / iridium-schwarz","32.100 Km","11/2018","139 €","14.990 €","2.998 €","11.992 €","8.994 €","6.49 %",,"https://darmas.de/fahrzeugmarkt/details/67c6d724dc767d17b031b42b","https://darmas-vehicle-images.s3.eu-central-1.amazonaws.com/placebo/aa43d6dab2b7f7b421007a736f63019e_ori_small.jpg"
"ADDED",31,,"Hyundai i30 1.0 Turbo 48V Trend Klimaaut. 17 Alu TOP","Gebrauchtfahrzeug","Sofort verfügbar","Benzin","Schaltgetriebe","88 kW (120 Ps)","Grau / Amazon Grey","20.882 Km","06/2023","167 €","17.990 €","3.598 €","14.392 €","10.794 €","6.49 %","115 g/km CO₂;","https://darmas.de/fahrzeugmarkt/details/67efa536a8cb0d5f575fb801","https://darmas-vehicle-images.s3.eu-central-1.amazonaws.com/dp24VehicleId/8eb65995ac54b186110cb827887323102e_ori_small.jpg",,,,,,,,,,,,,,,,,,
"REMOVED",,32,,,,,,,,,,,,,,,,,,,"Hyundai KONA 1.6 GDI Hybrid Advantage+ 2WD Navi SHZ AHK","Gebrauchtfahrzeug","Sofort verfügbar","Hybrid (Benzin/Elektro)","Automatik","104 kW (141 Ps)","Blau / Blue Lagoon / MIC","45.458 Km","10/2020","186 €","19.990 €","3.998 €","15.992 €","11.994 €","6.49 %",,"https://darmas.de/fahrzeugmarkt/details/67e13d95ab5eff4750853330","https://darmas-vehicle-images.s3.eu-central-1.amazonaws.com/placebo/aa43d6dab2b7f7b421007a736f63019e_ori_small.jpg"
"ADDED",32,,"Hyundai i30 1.0 Turbo 48V Trend Klimaaut. 17 Alu TOP","Gebrauchtfahrzeug","Sofort verfügbar","Benzin","Schaltgetriebe","88 kW (120 Ps)","Grau / Dark Knight","21.726 Km","12/2022","167 €","17.990 €","3.598 €","14.392 €","10.794 €","6.49 %","115 g/km CO₂;","https://darmas.de/fahrzeugmarkt/details/67efa4d0a8cb0d5f575fab3a","https://darmas-vehicle-images.s3.eu-central-1.amazonaws.com/dp24VehicleId/73210512f6bbcd781393b720a64afddd2_ori_small.jpg",,,,,,,,,,,,,,,,,,
"REMOVED",,33,,,,,,,,,,,,,,,,,,,"Hyundai i30 Kombi 1.5 Turbo DCT 48V Trend Navi TOP","Gebrauchtfahrzeug","Sofort verfügbar","Benzin","Automatik","118 kW (160 Ps)","Rot / Engine Red","14.115 Km","05/2024","223 €","23.990 €","4.798 €","19.192 €","14.394 €","6.49 %","142 g/km CO₂;","https://darmas.de/fahrzeugmarkt/details/67c837a5f581d07b8610a59e","https://darmas-vehicle-images.s3.eu-central-1.amazonaws.com/placebo/db2364a1077c6a20f84aaa3f25a731ad7_ori_small.jpg"
"ADDED",33,,"Hyundai IONIQ 5 Techniq 4WD Klimaut. Navi Voll-LED DAB","Gebrauchtfahrzeug",,"Elektro","Automatik","173 kW (235 Ps)","Grau / Cyber Grey","9.039 Km","08/2024","352 €","37.990 €","7.598 €","30.392 €","22.794 €","6.49 %","0 g/km CO₂;","https://darmas.de/fahrzeugmarkt/details/67ef923ba8cb0d5f5758ed71","https://darmas-vehicle-images.s3.eu-central-1.amazonaws.com/carcutter-download/1729a138b3120168780b676e66fd80410_ori_small.jpg",,,,,,,,,,,,,,,,,,
"REMOVED",,34,,,,,,,,,,,,,,,,,,,"Hyundai i10 NEUES Modell 1.2 Trend Klimaaut. Navi DAB","Gebrauchtfahrzeug","Sofort verfügbar","Benzin","Schaltgetriebe","62 kW (84 Ps)","Schwarz / Phantom Black","12.649 Km","06/2024","167 €","17.990 €","3.598 €","14.392 €","10.794 €","6.49 %","132 g/km CO₂;","https://darmas.de/fahrzeugmarkt/details/67c82482f581d07b86f01903","https://darmas-vehicle-images.s3.eu-central-1.amazonaws.com/placebo/db2364a1077c6a20f84aaa3f25a731ad7_ori_small.jpg"
"ADDED",34,,"Hyundai IONIQ 5 Techniq 4WD Klimaut. Navi Voll-LED DAB","Gebrauchtfahrzeug",,"Elektro","Automatik","173 kW (235 Ps)","Grün / Digital Teal","3.734 Km","08/2024","352 €","37.990 €","7.598 €","30.392 €","22.794 €","6.49 %","0 g/km CO₂;","https://darmas.de/fahrzeugmarkt/details/67ef91daa8cb0d5f5757260b","https://darmas-vehicle-images.s3.eu-central-1.amazonaws.com/carcutter-download/08b59a98e9b78ced824e4105648ce6510f_ori_small.jpg",,,,,,,,,,,,,,,,,,
"REMOVED",,35,,,,,,,,,,,,,,,,,,,"Hyundai i30 Kombi 1.5 Turbo DCT 48V Trend Navi Apple","Gebrauchtfahrzeug","Sofort verfügbar","Benzin","Automatik","118 kW (160 Ps)","Blau / Teal Blue","8.992 Km","06/2024","218 €","23.490 €","4.698 €","18.792 €","14.094 €","6.49 %","142 g/km CO₂;","https://darmas.de/fahrzeugmarkt/details/67d2a8b3f14befe1c15ec1d1","https://darmas-vehicle-images.s3.eu-central-1.amazonaws.com/placebo/db2364a1077c6a20f84aaa3f25a731ad7_ori_small.jpg"
"ADDED",35,,"Hyundai i30 Kombi 1.0 Turbo 48V Trend Navi DAB LED TOP","Gebrauchtfahrzeug",,"Benzin","Schaltgetriebe","88 kW (120 Ps)","Silber / Shimmering Silver","11.336 Km","06/2024","209 €","22.490 €","4.498 €","17.992 €","13.494 €","6.49 %","122 g/km CO₂;","https://darmas.de/fahrzeugmarkt/details/67ef87b0a8cb0d5f57538b33","https://darmas-vehicle-images.s3.eu-central-1.amazonaws.com/carcutter-download/615242645edc717cd3947325a98cd913_ori_small.jpg",,,,,,,,,,,,,,,,,,
"ADDED",36,,"Hyundai Tucson Plug-in-Hybrid 4WD Trend Navi LED TOP","Gebrauchtfahrzeug","Sofort verfügbar","Hybrid (Benzin/Elektro)","Automatik","195 kW (265 Ps)","Weiß / Atlas White","6.890 Km","06/2024","315 €","33.990 €","6.798 €","27.192 €","20.394 €","6.49 %","CO₂-Klasse: B;","https://darmas.de/fahrzeugmarkt/details/67ef7fcba8cb0d5f57517643","https://darmas-vehicle-images.s3.eu-central-1.amazonaws.com/dp24VehicleId/74ae291356383f04d34ed3f8ee8ee320_ori_small.jpg",,,,,,,,,,,,,,,,,,
"ADDED",37,,"Hyundai Tucson Plug-in-Hybrid 4WD Trend Navi LED TOP","Gebrauchtfahrzeug",,"Hybrid (Benzin/Elektro)","Automatik","195 kW (265 Ps)","Weiß / Serenity White","13.277 Km","04/2024","306 €","32.990 €","6.598 €","26.392 €","19.794 €","6.49 %","CO₂-Klasse: B;","https://darmas.de/fahrzeugmarkt/details/67ef7e14a8cb0d5f57516485","https://darmas-vehicle-images.s3.eu-central-1.amazonaws.com/dp24VehicleId/74ae291356383f04d34ed3f8ee8ee320_ori_small.jpg",,,,,,,,,,,,,,,,,,
"ADDED",38,,"Hyundai i20 1.0 Turbo Trend Mod. 24 Klima Navi TOP","Gebrauchtfahrzeug",,"Benzin","Schaltgetriebe","74 kW (101 Ps)","Schwarz / Phantom Black","9.476 Km","06/2024","186 €","19.990 €","3.998 €","15.992 €","11.994 €","6.49 %","127 g/km CO₂;","https://darmas.de/fahrzeugmarkt/details/67ef7b54a8cb0d5f575152d1","https://darmas-vehicle-images.s3.eu-central-1.amazonaws.com/carcutter-download/4dd5e7552103e305a1686919a6a60e890_ori_small.jpg",,,,,,,,,,,,,,,,,,
"ADDED",39,,"Hyundai i20 1.0 Turbo 48V Prime Klimaaut. Navi Bose TOP","Gebrauchtfahrzeug","Sofort verfügbar","Benzin","Schaltgetriebe","88 kW (120 Ps)","Grün / Mangrove Green","7.991 Km","06/2024","199 €","21.490 €","4.298 €","17.192 €","12.894 €","6.49 %","120 g/km CO₂;","https://darmas.de/fahrzeugmarkt/details/67ef78c8a8cb0d5f575134fa","https://darmas-vehicle-images.s3.eu-central-1.amazonaws.com/carcutter-download/7ad5eebd410676837a45671097856d8c25_ori_small.jpg",,,,,,,,,,,,,,,,,,
"ADDED",40,,"Hyundai i20 1.0 Turbo 48V Prime Klimaaut. Navi Bose TOP","Gebrauchtfahrzeug","Sofort verfügbar","Benzin","Schaltgetriebe","88 kW (120 Ps)","Grün / Mangrove Green","5.615 Km","06/2024","204 €","21.990 €","4.398 €","17.592 €","13.194 €","6.49 %","120 g/km CO₂;","https://darmas.de/fahrzeugmarkt/details/67ef77e2a8cb0d5f57512483","https://darmas-vehicle-images.s3.eu-central-1.amazonaws.com/carcutter-download/7ad5eebd410676837a45671097856d8c25_ori_small.jpg",,,,,,,,,,,,,,,,,,
"ADDED",41,,"Hyundai i20 1.0 Turbo 48V Prime Klimaaut. Navi Bose TOP","Gebrauchtfahrzeug","Sofort verfügbar","Benzin","Schaltgetriebe","88 kW (120 Ps)","Grün / Mangrove Green","11.977 Km","06/2024","199 €","21.490 €","4.298 €","17.192 €","12.894 €","6.49 %","120 g/km CO₂;","https://darmas.de/fahrzeugmarkt/details/67ef7750a8cb0d5f5751188e","https://darmas-vehicle-images.s3.eu-central-1.amazonaws.com/carcutter-download/7ad5eebd410676837a45671097856d8c25_ori_small.jpg",,,,,,,,,,,,,,,,,,
"ADDED",42,,"Hyundai i20 1.0 Turbo 48V Prime Klimaaut. Navi Bose TOP","Gebrauchtfahrzeug","Sofort verfügbar","Benzin","Schaltgetriebe","88 kW (120 Ps)","Grün / Mangrove Green","11.506 Km","06/2024","204 €","21.990 €","4.398 €","17.592 €","13.194 €","6.49 %","120 g/km CO₂;","https://darmas.de/fahrzeugmarkt/details/67ef7705a8cb0d5f57510d53","https://darmas-vehicle-images.s3.eu-central-1.amazonaws.com/carcutter-download/7ad5eebd410676837a45671097856d8c25_ori_small.jpg",,,,,,,,,,,,,,,,,,
"ADDED",43,,"Hyundai i20 1.0 Turbo 48V Prime Navi Apple PDC TOP","Gebrauchtfahrzeug",,"Benzin","Schaltgetriebe","88 kW (120 Ps)","Schwarz / Phantom Black","11.657 Km","06/2024","204 €","21.990 €","4.398 €","17.592 €","13.194 €","6.49 %","120 g/km CO₂;","https://darmas.de/fahrzeugmarkt/details/67ef7662a8cb0d5f5750fee3","https://darmas-vehicle-images.s3.eu-central-1.amazonaws.com/carcutter-download/b30b3efd604bfb33bd6097affb3e60b2_ori_small.jpg",,,,,,,,,,,,,,,,,,
"ADDED",44,,"Hyundai i20 1.0 Turbo 48V Prime Klimaaut. Navi Bose TOP","Gebrauchtfahrzeug",,"Benzin","Schaltgetriebe","88 kW (120 Ps)","Weiß / Atlas White","13.423 Km","07/2024","204 €","21.990 €","4.398 €","17.592 €","13.194 €","6.49 %","120 g/km CO₂;","https://darmas.de/fahrzeugmarkt/details/67ef716ca8cb0d5f5750e330","https://darmas-vehicle-images.s3.eu-central-1.amazonaws.com/carcutter-download/104d15ad61abb1884fe9627fc2a13eaf3_ori_small.jpg",,,,,,,,,,,,,,,,,,
"ADDED",45,,"Hyundai BAYON 1.0 Turbo 48V Trend Klima Navi Bose Apple","Gebrauchtfahrzeug",,"Benzin","Schaltgetriebe","88 kW (120 Ps)","Weiß / Atlas White","18.660 Km","06/2024","195 €","20.990 €","4.198 €","16.792 €","12.594 €","6.49 %","120 g/km CO₂;","https://darmas.de/fahrzeugmarkt/details/67ef7042a8cb0d5f57508a5b","https://darmas-vehicle-images.s3.eu-central-1.amazonaws.com/carcutter-download/70e4a1af3b232ac9b32c31383765cc34_ori_small.jpg",,,,,,,,,,,,,,,,,,
"ADDED",46,,"Hyundai Kona ELEKTRO Trend 100KW Allwetter Rückkam Navi","Gebrauchtfahrzeug","Sofort verfügbar","Elektro","Automatik","100 kW (136 Ps)","Rot / Rot","21.998 Km","03/2022","186 €","19.990 €","3.998 €","15.992 €","11.994 €","6.49 %",,"https://darmas.de/fahrzeugmarkt/details/67eea3710074916bdaa51275","https://darmas-vehicle-images.s3.eu-central-1.amazonaws.com/carcutter-download/6054cdb070fd04975853139869c7d7da_ori_small.jpg",,,,,,,,,,,,,,,,,,
"ADDED",47,,"Volvo V60 Kombi AWD Plug-in Inscription Expression","Gebrauchtfahrzeug","Sofort verfügbar","Hybrid (Benzin/Elektro)","Automatik","186 kW (253 Ps)","Schwarz /","57.227 Km","09/2021","260 €","27.990 €","5.598 €","22.392 €","16.794 €","6.49 %",,"https://darmas.de/fahrzeugmarkt/details/67ee8debb892ec8a1ced7a5b","https://darmas-vehicle-images.s3.eu-central-1.amazonaws.com/carcutter-download/6375e33e242ca1c035b473a82fa9225c_ori_small.jpg",,,,,,,,,,,,,,,,,,
"ADDED",48,,"Mercedes-Benz GLA 250 4Matic 8G-DCT AMG Line Vollleder LED","Gebrauchtfahrzeug","Sofort verfügbar","Benzin","Automatik","165 kW (224 Ps)","Silber / iridium silver","26.700 Km","07/2020","324 €","34.990 €","6.998 €","27.992 €","20.994 €","6.49 %",,"https://darmas.de/fahrzeugmarkt/details/67ee68e4b892ec8a1cc51c4c","https://darmas-vehicle-images.s3.eu-central-1.amazonaws.com/carcutter-download/7108bffe84f6a102ec24e3d105a6d80cc95_ori_small.jpg",,,,,,,,,,,,,,,,,,
"ADDED",49,,"Hyundai i20 1.0 Turbo Trend Mod. 25 Klimaaut. Navi LED","Neufahrzeug",,"Benzin","Schaltgetriebe","74 kW (101 Ps)","Rot / Dragon Red",,,"220 €","21.890 €","4.378 €","17.512 €","12.485 €","6.49 %","119 g/km CO₂;","https://darmas.de/fahrzeugmarkt/details/67ee7f88b892ec8a1ce54846","https://darmas-vehicle-images.s3.eu-central-1.amazonaws.com/carcutter-download/3ca5edeea810af56e2489b449a8fe928d_ori_small.jpg",,,,,,,,,,,,,,,,,,
"ADDED",50,,"Hyundai i20 1.0 Turbo Trend Mod. 25 Klimaaut. Navi LED","Neufahrzeug",,"Benzin","Schaltgetriebe","74 kW (101 Ps)","Rot / Dragon Red",,,"220 €","21.890 €","4.378 €","17.512 €","12.485 €","6.49 %","119 g/km CO₂;","https://darmas.de/fahrzeugmarkt/details/67ee7f49b892ec8a1ce46f20","https://darmas-vehicle-images.s3.eu-central-1.amazonaws.com/carcutter-download/3ca5edeea810af56e2489b449a8fe928d_ori_small.jpg",,,,,,,,,,,,,,,,,,
"ADDED",51,,"Hyundai i20 1.0 Turbo Trend Mod. 25 Klimaaut. Navi LED","Neufahrzeug",,"Benzin","Schaltgetriebe","74 kW (101 Ps)","Rot / Dragon Red",,,"220 €","21.890 €","4.378 €","17.512 €","12.485 €","6.49 %","119 g/km CO₂;","https://darmas.de/fahrzeugmarkt/details/67ee7c5cb892ec8a1cde3949","https://darmas-vehicle-images.s3.eu-central-1.amazonaws.com/carcutter-download/3ca5edeea810af56e2489b449a8fe928d_ori_small.jpg",,,,,,,,,,,,,,,,,,
"ADDED",52,,"Hyundai i20 1.0 Turbo Trend Mod. 25 Navi Kamera LED","Neufahrzeug",,"Benzin","Schaltgetriebe","74 kW (101 Ps)","Gelb / Lucid Lime Metallic",,,"212 €","21.190 €","4.238 €","16.952 €","12.110 €","6.49 %","119 g/km CO₂;","https://darmas.de/fahrzeugmarkt/details/67ee7a00b892ec8a1cd84bb0","https://darmas-vehicle-images.s3.eu-central-1.amazonaws.com/carcutter-download/6e85b34275687bc69d361910ac6fd2abc_ori_small.jpg",,,,,,,,,,,,,,,,,,
"ADDED",53,,"Hyundai i20 1.0 Turbo Trend Mod. 25 Navi Kamera LED","Neufahrzeug",,"Benzin","Schaltgetriebe","74 kW (101 Ps)","Weiß / Atlas White",,,"209 €","20.890 €","4.178 €","16.712 €","11.950 €","6.49 %","119 g/km CO₂;","https://darmas.de/fahrzeugmarkt/details/67ee7943b892ec8a1cd4e025","https://darmas-vehicle-images.s3.eu-central-1.amazonaws.com/carcutter-download/ed9516310ce1b884cf9f548e9e1473894_ori_small.jpg",,,,,,,,,,,,,,,,,,
"ADDED",54,,"Hyundai i20 1.0 Turbo Trend Mod. 25 Navi Kamera LED","Neufahrzeug",,"Benzin","Schaltgetriebe","74 kW (101 Ps)","Weiß / Atlas White",,,"209 €","20.890 €","4.178 €","16.712 €","11.950 €","6.49 %","119 g/km CO₂;","https://darmas.de/fahrzeugmarkt/details/67ee78f3b892ec8a1cd3fb91","https://darmas-vehicle-images.s3.eu-central-1.amazonaws.com/carcutter-download/ed9516310ce1b884cf9f548e9e1473894_ori_small.jpg",,,,,,,,,,,,,,,,,,
"ADDED",55,,"Hyundai i20 1.0 Turbo Trend Mod. 25 Navi Kamera LED","Neufahrzeug",,"Benzin","Schaltgetriebe","74 kW (101 Ps)","Weiß / Atlas White",,,"209 €","20.890 €","4.178 €","16.712 €","11.950 €","6.49 %","119 g/km CO₂;","https://darmas.de/fahrzeugmarkt/details/67ee78c1b892ec8a1cd32568","https://darmas-vehicle-images.s3.eu-central-1.amazonaws.com/carcutter-download/ed9516310ce1b884cf9f548e9e1473894_ori_small.jpg",,,,,,,,,,,,,,,,,,
"ADDED",56,,"Hyundai i20 1.0 Turbo Trend Mod. 25 Navi Kamera LED","Neufahrzeug",,"Benzin","Schaltgetriebe","74 kW (101 Ps)","Blau / Vibrant Blue",,,"212 €","21.190 €","4.238 €","16.952 €","12.110 €","6.49 %","119 g/km CO₂;","https://darmas.de/fahrzeugmarkt/details/67ee7895b892ec8a1cd24f77","https://darmas-vehicle-images.s3.eu-central-1.amazonaws.com/carcutter-download/591e0a1d7f9102587212b04ca9613a4ea_ori_small.jpg",,,,,,,,,,,,,,,,,,
"ADDED",57,,"Hyundai i20 1.0 Turbo Trend Mod. 25 Navi Kamera LED","Neufahrzeug",,"Benzin","Schaltgetriebe","74 kW (101 Ps)","Blau / Vibrant Blue",,,"212 €","21.190 €","4.238 €","16.952 €","12.110 €","6.49 %","119 g/km CO₂;","https://darmas.de/fahrzeugmarkt/details/67ee7807b892ec8a1cd1784f","https://darmas-vehicle-images.s3.eu-central-1.amazonaws.com/carcutter-download/591e0a1d7f9102587212b04ca9613a4ea_ori_small.jpg",,,,,,,,,,,,,,,,,,
"ADDED",58,,"Hyundai i20 1.0 Turbo Trend Mod. 25 Navi Kamera LED","Neufahrzeug",,"Benzin","Schaltgetriebe","74 kW (101 Ps)","Grau / Lumen Grey Pearl",,,"212 €","21.190 €","4.238 €","16.952 €","12.110 €","6.49 %","119 g/km CO₂;","https://darmas.de/fahrzeugmarkt/details/67ee73dbb892ec8a1cca4f96","https://darmas-vehicle-images.s3.eu-central-1.amazonaws.com/carcutter-download/f29e127e4446337010810fb1a49e1601010a_ori_small.jpg",,,,,,,,,,,,,,,,,,
"ADDED",59,,"Hyundai i20 1.0 Turbo Trend Mod. 25 Navi Kamera LED","Neufahrzeug",,"Benzin","Schaltgetriebe","74 kW (101 Ps)","Grau / Lumen Grey Pearl",,,"212 €","21.190 €","4.238 €","16.952 €","12.110 €","6.49 %","119 g/km CO₂;","https://darmas.de/fahrzeugmarkt/details/67ee73a6b892ec8a1cc97aa9","https://darmas-vehicle-images.s3.eu-central-1.amazonaws.com/carcutter-download/f29e127e4446337010810fb1a49e1601010a_ori_small.jpg",,,,,,,,,,,,,,,,,,
"ADDED",60,,"Hyundai i20 1.0 Turbo Trend Mod. 25 Navi Kamera LED","Neufahrzeug",,"Benzin","Schaltgetriebe","74 kW (101 Ps)","Grau / Lumen Grey Pearl",,,"212 €","21.190 €","4.238 €","16.952 €","12.110 €","6.49 %","119 g/km CO₂;","https://darmas.de/fahrzeugmarkt/details/67ee736cb892ec8a1cc8a5da","https://darmas-vehicle-images.s3.eu-central-1.amazonaws.com/carcutter-download/f29e127e4446337010810fb1a49e1601010a_ori_small.jpg",,,,,,,,,,,,,,,,,,
"ADDED",61,,"Hyundai i20 1.0 Turbo Trend Mod. 25 Klimaaut. Navi LED","Neufahrzeug",,"Benzin","Schaltgetriebe","74 kW (101 Ps)","Grau / Aurora Grey",,,"220 €","21.890 €","4.378 €","17.512 €","12.485 €","6.49 %","119 g/km CO₂;","https://darmas.de/fahrzeugmarkt/details/67ee72e1b892ec8a1cc7cfd7","https://darmas-vehicle-images.s3.eu-central-1.amazonaws.com/carcutter-download/c3a1f63a8ee7c0108fe68e3ead37c10b37_ori_small.jpg",,,,,,,,,,,,,,,,,,
"ADDED",62,,"Hyundai i20 1.0 Turbo Trend Mod. 25 Klimaaut. Navi LED","Neufahrzeug",,"Benzin","Schaltgetriebe","74 kW (101 Ps)","Grau / Aurora Grey",,,"220 €","21.890 €","4.378 €","17.512 €","12.485 €","6.49 %","119 g/km CO₂;","https://darmas.de/fahrzeugmarkt/details/67ee729eb892ec8a1cc6fb9d","https://darmas-vehicle-images.s3.eu-central-1.amazonaws.com/carcutter-download/c3a1f63a8ee7c0108fe68e3ead37c10b37_ori_small.jpg",,,,,,,,,,,,,,,,,,
"ADDED",63,,"Hyundai i20 1.0 Turbo Trend Mod. 25 Klimaaut. Navi LED","Neufahrzeug",,"Benzin","Schaltgetriebe","74 kW (101 Ps)","Grau / Aurora Grey",,,"220 €","21.890 €","4.378 €","17.512 €","12.485 €","6.49 %","119 g/km CO₂;","https://darmas.de/fahrzeugmarkt/details/67ee724eb892ec8a1cc628a7","https://darmas-vehicle-images.s3.eu-central-1.amazonaws.com/carcutter-download/c3a1f63a8ee7c0108fe68e3ead37c10b37_ori_small.jpg",,,,,,,,,,,,,,,,,,
"ADDED",64,,"Hyundai i10 1.0 Select mit Funktions-P. Sitzhzg. PDC hi","Gebrauchtfahrzeug","Sofort verfügbar","Benzin","Schaltgetriebe","49 kW (67 Ps)","Grau / Star Dust","27.591 Km","09/2021","111 €","11.990 €","2.398 €","9.592 €","7.194 €","6.49 %","104 g/km CO₂;","https://darmas.de/fahrzeugmarkt/details/67ee5a49b4ff664b06c66be4","https://darmas-vehicle-images.s3.eu-central-1.amazonaws.com/carcutter-download/8274754fc1c7e2a5d79e3f2102c02892a_ori_small.jpg",,,,,,,,,,,,,,,,,,
"ADDED",65,,"Hyundai i20 1.0 Turbo Trend Mod. 25 Klimaaut. Navi LED","Neufahrzeug",,"Benzin","Schaltgetriebe","74 kW (101 Ps)","Gelb / Lucid Lime Metallic",,,"220 €","21.890 €","4.378 €","17.512 €","12.485 €","6.49 %","119 g/km CO₂;","https://darmas.de/fahrzeugmarkt/details/67ee5249b4ff664b06c234da","https://darmas-vehicle-images.s3.eu-central-1.amazonaws.com/carcutter-download/6f71e94d8888163b6d8bc41101f5310871_ori_small.jpg",,,,,,,,,,,,,,,,,,
"ADDED",66,,"Hyundai TUCSON FL (MY25) 1.6 Turbo 48V DCT TREND 2WD","Neufahrzeug",,"Benzin","Automatik","118 kW (160 Ps)","Weiß / Atlas White",,,"302 €","33.990 €","6.798 €","27.192 €","20.930 €","6.49 %","143 g/km CO₂;","https://darmas.de/fahrzeugmarkt/details/67ed3c2dc06603672ecf635f","https://darmas-vehicle-images.s3.eu-central-1.amazonaws.com/carcutter-download/b13527f95e4db6eea4c4ce3d5aeca82e_ori_small.jpg",,,,,,,,,,,,,,,,,,
"ADDED",67,,"Hyundai TUCSON FL (MY25) 1.6 Turbo 48V DCT TREND 2WD","Neufahrzeug",,"Benzin","Automatik","118 kW (160 Ps)","Weiß / Atlas White",,,"307 €","34.490 €","6.898 €","27.592 €","21.205 €","6.49 %","143 g/km CO₂;","https://darmas.de/fahrzeugmarkt/details/67ed3bd1c06603672ece765d","https://darmas-vehicle-images.s3.eu-central-1.amazonaws.com/carcutter-download/2ee1f6afa57a39bf238c0e36dce62d44_ori_small.jpg",,,,,,,,,,,,,,,,,,
"ADDED",68,,"Volkswagen Golf Variant 1.5 Life eTSI DSG Navi LED TOP","Gebrauchtfahrzeug","Sofort verfügbar","Benzin","Automatik","110 kW (150 Ps)","Schwarz / Deep Black Perleffekt","54.713 Km","03/2022","209 €","22.490 €","4.498 €","17.992 €","13.494 €","6.49 %",,"https://darmas.de/fahrzeugmarkt/details/66eac3ae0c327bc5d30594c6","https://darmas-vehicle-images.s3.eu-central-1.amazonaws.com/carcutter-download/4eae638c260ef92363ad15db76ee16d9_ori_small.jpg",,,,,,,,,,,,,,,,,,
"ADDED",69,,"Opel Opel Corsa 1.2 A/T Elegance 1. Hand Top Zustand","Gebrauchtfahrzeug","Sofort verfügbar","Benzin","Automatik","74 kW (101 Ps)","Schwarz / Diamat Schwarz","63.212 Km","01/2023","156 €","16.790 €","3.358 €","13.432 €","10.074 €","6.49 %",,"https://darmas.de/fahrzeugmarkt/details/67ed074bc06603672ebab7aa","https://darmas-vehicle-images.s3.eu-central-1.amazonaws.com/carcutter-download/8101035d9e9908cabd708b210951a3b43db_ori_small.jpg",,,,,,,,,,,,,,,,,,
"ADDED",70,,"Fiat 500e Action Klima DAB CarPlay","Gebrauchtfahrzeug","Sofort verfügbar","Elektro","Automatik","70 kW (95 Ps)","Grün / ocean grün met.","32.876 Km","02/2023","121 €","12.990 €","2.598 €","10.392 €","7.794 €","6.49 %",,"https://darmas.de/fahrzeugmarkt/details/67ebc78bafc80d8d033c8888","https://darmas-vehicle-images.s3.eu-central-1.amazonaws.com/carcutter-download/c7d724d508f71f7110aa581d7b1010a97c7_ori_small.jpg",,,,,,,,,,,,,,,,,,
"ADDED",71,,"Hyundai I30 N Performance Sitzpaket Fastback","Gebrauchtfahrzeug","Sofort verfügbar","Benzin","Schaltgetriebe","202 kW (275 Ps)","Weiß / Atlasweiß","40.000 Km","06/2020","227 €","24.500 €","4.900 €","19.600 €","14.700 €","6.49 %",,"https://darmas.de/fahrzeugmarkt/details/67e5591e7a23a5fb4e0f9ef3","https://darmas-vehicle-images.s3.eu-central-1.amazonaws.com/carcutter-download/7044ef11c35101b3056db64bf2e4aa55_ori_small.jpg",,,,,,,,,,,,,,,,,,
"ADDED",72,,"Hyundai i30 1.0 Turbo Autom. Trend Klimaaut. Navi 1.Hd","Gebrauchtfahrzeug","Sofort verfügbar","Benzin","Automatik","88 kW (120 Ps)","Schwarz / Black","27.524 Km","03/2024","165 €","17.790 €","3.558 €","14.232 €","10.674 €","6.49 %","115 g/km CO₂;","https://darmas.de/fahrzeugmarkt/details/67e550fb7a23a5fb4e0ab9ca","https://darmas-vehicle-images.s3.eu-central-1.amazonaws.com/dp24VehicleId/8eb65995ac54b186110cb827887323102e_ori_small.jpg",,,,,,,,,,,,,,,,,,
"ADDED",73,,"Hyundai i20 1.0 T-GDi 48V (120PS) 7-DCT Prime AHK BOSE","Gebrauchtfahrzeug","Sofort verfügbar","Benzin","Automatik","88 kW (120 Ps)","Weiß / Atlas White","4.119 Km","05/2024","213 €","22.990 €","4.598 €","18.392 €","13.794 €","6.49 %",,"https://darmas.de/fahrzeugmarkt/details/67e683647a23a5fb4e1bd3d3","https://darmas-vehicle-images.s3.eu-central-1.amazonaws.com/carcutter-download/1091833ee7a207000a9a64cd41071f8874_ori_small.jpg",,,,,,,,,,,,,,,,,,
"ADDED",74,,"Hyundai IONIQ 5 Techniq 4WD Klimaut. Navi Voll-LED DAB","Gebrauchtfahrzeug",,"Elektro","Automatik","239 kW (325 Ps)","Grün / Digital Teal","4.798 Km","08/2024","398 €","42.990 €","8.598 €","34.392 €","25.794 €","6.49 %","0 g/km CO₂;","https://darmas.de/fahrzeugmarkt/details/67e547437a23a5fb4e050cf0","https://darmas-vehicle-images.s3.eu-central-1.amazonaws.com/carcutter-download/08b59a98e9b78ced824e4105648ce6510f_ori_small.jpg",,,,,,,,,,,,,,,,,,
"ADDED",75,,"Hyundai Kona Style Elektro","Gebrauchtfahrzeug","Sofort verfügbar","Elektro","Automatik","28 kW (38 Ps)","Blau /","17.335 Km","10/2020","183 €","19.690 €","3.938 €","15.752 €","11.814 €","6.49 %",,"https://darmas.de/fahrzeugmarkt/details/67e525a17a23a5fb4efdb56b","https://darmas-vehicle-images.s3.eu-central-1.amazonaws.com/carcutter-download/4213039a260db7360d1d5e6d8483ab3e_ori_small.jpg",,,,,,,,,,,,,,,,,,
"ADDED",76,,"Hyundai i30 1.0 Turbo 48V Trend Klimaaut. 17 Alu TOP","Gebrauchtfahrzeug","Sofort verfügbar","Benzin","Schaltgetriebe","88 kW (120 Ps)","Grau / Amazon Grey","15.225 Km","04/2023","167 €","17.990 €","3.598 €","14.392 €","10.794 €","6.49 %","115 g/km CO₂;","https://darmas.de/fahrzeugmarkt/details/67e521817a23a5fb4efda15f","https://darmas-vehicle-images.s3.eu-central-1.amazonaws.com/dp24VehicleId/8eb65995ac54b186110cb827887323102e_ori_small.jpg",,,,,,,,,,,,,,,,,,
"ADDED",77,,"Toyota Yaris Komfort 1.0 Allwetter Klima Rückkam.","Gebrauchtfahrzeug","Sofort verfügbar","Benzin","Schaltgetriebe","53 kW (72 Ps)","Weiß / Weiß","27.464 Km","08/2020","119 €","12.790 €","2.558 €","10.232 €","7.674 €","6.49 %",,"https://darmas.de/fahrzeugmarkt/details/67e42dae7a23a5fb4eef1a82","https://darmas-vehicle-images.s3.eu-central-1.amazonaws.com/carcutter-download/e104262e42011d556d6b196c7c492ec23_ori_small.jpg",,,,,,,,,,,,,,,,,,
"ADDED",78,,"Suzuki S-Cross Hybrid 4WD AHK SHZ 360°Kam. 8Fach Pano","Gebrauchtfahrzeug","Sofort verfügbar","Benzin","Automatik","75 kW (102 Ps)","Blau /","3.312 Km","06/2024","223 €","23.990 €","4.798 €","19.192 €","14.394 €","6.49 %",,"https://darmas.de/fahrzeugmarkt/details/67e429137a23a5fb4eee798a","https://darmas-vehicle-images.s3.eu-central-1.amazonaws.com/carcutter-download/77b8c4b22480a99fb9ffddec5e4fc5e9_ori_small.jpg",,,,,,,,,,,,,,,,,,
"ADDED",79,,"Hyundai i30 Kombi 1.0 Turbo Edition 30+ Klimaaut. Navi","Gebrauchtfahrzeug","Sofort verfügbar","Benzin","Schaltgetriebe","88 kW (120 Ps)","Grau / Dark Knight","28.089 Km","03/2021","167 €","17.990 €","3.598 €","14.392 €","10.794 €","6.49 %",,"https://darmas.de/fahrzeugmarkt/details/67e3cf1854f9c90289d19bf6","https://darmas-vehicle-images.s3.eu-central-1.amazonaws.com/carcutter-download/1f210a88304ddb25c5244d2e18e146d108_ori_small.jpg",,,,,,,,,,,,,,,,,,
"ADDED",80,,"BMW 216i Gran Tourer ""Advantage"" HuD LED Navi RFK","Gebrauchtfahrzeug","Sofort verfügbar","Benzin","Schaltgetriebe","80 kW (109 Ps)","Weiß / Alpinweiss","73.256 Km","10/2020","167 €","17.990 €","3.598 €","14.392 €","10.794 €","6.49 %",,"https://darmas.de/fahrzeugmarkt/details/67e14d1a43ac6fa988e6b2c0","https://darmas-vehicle-images.s3.eu-central-1.amazonaws.com/carcutter-download/1bbc9dd11e83e18eb4178e92ab5c10f7d_ori_small.jpg",,,,,,,,,,,,,,,,,,
"ADDED",81,,"Hyundai SANTA FE Plug-in-Hybrid NEUES Modell Signature","Neufahrzeug","Sofort verfügbar","Hybrid (Benzin/Elektro)","Automatik","186 kW (253 Ps)","Weiß / Creamy White",,,"428 €","51.990 €","10.398 €","41.592 €","33.320 €","6.49 %","CO₂-Klasse: B;","https://darmas.de/fahrzeugmarkt/details/67e1435943ac6fa988e12060","https://darmas-vehicle-images.s3.eu-central-1.amazonaws.com/carcutter-download/2b963cc62904f31b12d57e68b856a8ed_ori_small.jpg",,,,,,,,,,,,,,,,,,
"ADDED",82,,"Hyundai IONIQ 5 N 4WD 84kWh 609 PS Head-Up 360°Kamera","Neufahrzeug","Sofort verfügbar","Elektro","Automatik","448 kW (609 Ps)","Weiß / Atlas White (matt)",,,"555 €","61.990 €","12.398 €","49.592 €","37.945 €","6.49 %","0 g/km CO₂;","https://darmas.de/fahrzeugmarkt/details/67e140c843ac6fa988e0304c","https://darmas-vehicle-images.s3.eu-central-1.amazonaws.com/carcutter-download/d2cebdd80898e3aa4287994110dddc779_ori_small.jpg",,,,,,,,,,,,,,,,,,
"ADDED",83,,"Audi A1 1.0 25 TSFI Sportback NAV SHZ ALU LED PDC","Gebrauchtfahrzeug","Sofort verfügbar","Benzin","Schaltgetriebe","70 kW (95 Ps)","Grau / Manhattan Grau","27.000 Km","11/2022","195 €","20.990 €","4.198 €","16.792 €","12.594 €","6.49 %",,"https://darmas.de/fahrzeugmarkt/details/67dd563391211fb9153435d5","https://darmas-vehicle-images.s3.eu-central-1.amazonaws.com/carcutter-download/cdee5f1094b64c10546f10aa9084ca2d23_ori_small.jpg",,,,,,,,,,,,,,,,,,
"ADDED",84,,"Hyundai i30 Kombi 1.5 Turbo DCT 48V N Line Navi PanoD","Gebrauchtfahrzeug","Sofort verfügbar","Benzin","Automatik","118 kW (160 Ps)","Rot / Engine Red","19.222 Km","06/2024","250 €","26.990 €","5.398 €","21.592 €","16.194 €","6.49 %","140 g/km CO₂;","https://darmas.de/fahrzeugmarkt/details/67dd46a191211fb915335407","https://darmas-vehicle-images.s3.eu-central-1.amazonaws.com/carcutter-download/e8b969f382a5574437101659647ad5817_ori_small.jpg",,,,,,,,,,,,,,,,,,
"ADDED",85,,"Hyundai i30 Kombi 1.5 Turbo DCT 48V N Line Navi LED TOP","Gebrauchtfahrzeug","Sofort verfügbar","Benzin","Automatik","118 kW (160 Ps)","Grau / Dark Knight","15.305 Km","06/2024","250 €","26.990 €","5.398 €","21.592 €","16.194 €","6.49 %","140 g/km CO₂;","https://darmas.de/fahrzeugmarkt/details/67dd460491211fb915333e04","https://darmas-vehicle-images.s3.eu-central-1.amazonaws.com/carcutter-download/3bdf825721f1010893cf59b3325a0cce43_ori_small.jpg",,,,,,,,,,,,,,,,,,
"ADDED",86,,"Hyundai i30 Kombi 1.0 Turbo Connect & Go Navi LED TOP","Gebrauchtfahrzeug","Sofort verfügbar","Benzin","Schaltgetriebe","88 kW (120 Ps)","Schwarz / Abyss Black","12.610 Km","01/2024","213 €","22.990 €","4.598 €","18.392 €","13.794 €","6.49 %","123 g/km CO₂;","https://darmas.de/fahrzeugmarkt/details/67dd458791211fb91533351f","https://darmas-vehicle-images.s3.eu-central-1.amazonaws.com/dp24VehicleId/02103b92fad1068f41adb94861158a5d82_ori_small.jpg",,,,,,,,,,,,,,,,,,
"ADDED",87,,"Hyundai i30cw 1.5 Turbo 48V 7-DCT Trend Klimaaut. Navi","Gebrauchtfahrzeug","Sofort verfügbar","Benzin","Automatik","118 kW (160 Ps)","Weiß / Atlas White","8.345 Km","05/2024","204 €","21.990 €","4.398 €","17.592 €","13.194 €","6.49 %","124 g/km CO₂;","https://darmas.de/fahrzeugmarkt/details/67dd429491211fb91531571c","https://darmas-vehicle-images.s3.eu-central-1.amazonaws.com/carcutter-download/3c993210a510bcc121010d2c2b5d37f410a3c_ori_small.jpg",,,,,,,,,,,,,,,,,,
"ADDED",88,,"Hyundai Kona Hybrid Style SHZ LHZ Navi Kamera uvm.","Gebrauchtfahrzeug","Sofort verfügbar","Hybrid (Benzin/Elektro)","Automatik","104 kW (141 Ps)","Rot / Pulse Red","34.705 Km","10/2019","172 €","18.490 €","3.698 €","14.792 €","11.094 €","6.49 %",,"https://darmas.de/fahrzeugmarkt/details/67dd424791211fb915306b61","https://darmas-vehicle-images.s3.eu-central-1.amazonaws.com/carcutter-download/c4f7bbe7f063a7d3603172d8a6cf6a96_ori_small.jpg",,,,,,,,,,,,,,,,,,
"ADDED",89,,"Hyundai i30 1.5 Turbo 48V Trend Klimaaut. Navi LED TOP","Gebrauchtfahrzeug","Sofort verfügbar","Benzin","Schaltgetriebe","118 kW (160 Ps)","Weiß / Atlas White","4.906 Km","11/2023","213 €","22.990 €","4.598 €","18.392 €","13.794 €","6.49 %","148 g/km CO₂;","https://darmas.de/fahrzeugmarkt/details/67dd41cd91211fb9152f8793","https://darmas-vehicle-images.s3.eu-central-1.amazonaws.com/carcutter-download/d310b2974111f0c2bed1e08aa11bae70b_ori_small.jpg",,,,,,,,,,,,,,,,,,
"ADDED",90,,"Hyundai i10 1.0 Edition 30 Klima LED LHZ SHZ 1. Hd. TOP","Gebrauchtfahrzeug","Sofort verfügbar","Benzin","Schaltgetriebe","49 kW (67 Ps)","Grün / Mangrove Green","27.217 Km","09/2022","139 €","14.990 €","2.998 €","11.992 €","8.994 €","6.49 %","109 g/km CO₂;","https://darmas.de/fahrzeugmarkt/details/67dd39f291211fb9152d7ab5","https://darmas-vehicle-images.s3.eu-central-1.amazonaws.com/dp24VehicleId/8dfd989e101733110d4d61048e0301cad06_ori_small.jpg",,,,,,,,,,,,,,,,,,
"ADDED",91,,"Hyundai i10 1.2 Prime Klimaaut. Navi Apple Smart-Key","Gebrauchtfahrzeug","Sofort verfügbar","Benzin","Schaltgetriebe","62 kW (84 Ps)","Weiß / Atlas White","12.265 Km","06/2024","176 €","18.990 €","3.798 €","15.192 €","11.394 €","6.49 %","123 g/km CO₂;","https://darmas.de/fahrzeugmarkt/details/67dd01df91211fb91521c436","https://darmas-vehicle-images.s3.eu-central-1.amazonaws.com/carcutter-download/01b810f1ed7bb71103d3c6aef65bc14c60_ori_small.jpg",,,,,,,,,,,,,,,,,,
"ADDED",92,,"Ford Kuga 1.5 EcoBoost 2x4 ""Black & Silver"" Navi AHK","Gebrauchtfahrzeug","Sofort verfügbar","Benzin","Schaltgetriebe","110 kW (150 Ps)","Silber / Moondust Silver Metallic","90.590 Km","12/2019","149 €","15.990 €","3.198 €","12.792 €","9.594 €","6.49 %",,"https://darmas.de/fahrzeugmarkt/details/67dc1f1f91211fb9151b2ee1","https://darmas-vehicle-images.s3.eu-central-1.amazonaws.com/carcutter-download/8154ad7e6c11f46a9fe4b1ae9f8e8cff_ori_small.jpg",,,,,,,,,,,,,,,,,,
"ADDED",93,,"Mercedes-Benz EQA 250 Progressive SHZ LED Ambiente el. Heck","Gebrauchtfahrzeug","Sofort verfügbar","Elektro","Automatik","140 kW (190 Ps)","Schwarz / Schwarz","43.555 Km","07/2021","241 €","25.990 €","5.198 €","20.792 €","15.594 €","6.49 %",,"https://darmas.de/fahrzeugmarkt/details/67dbf6b891211fb91516b332","https://darmas-vehicle-images.s3.eu-central-1.amazonaws.com/carcutter-download/6d8e9aeb15eede515cfc2ce5107af6190_ori_small.jpg",,,,,,,,,,,,,,,,,,
"ADDED",94,,"Hyundai Kona Hybrid Premium + AHK","Gebrauchtfahrzeug","Sofort verfügbar","Hybrid (Benzin/Elektro)","Automatik","104 kW (141 Ps)","Gelb / Acid Yellow","45.100 Km","09/2020","182 €","19.610 €","3.922 €","15.688 €","11.766 €","6.49 %",,"https://darmas.de/fahrzeugmarkt/details/67d463b837d0877fa9504072","https://darmas-vehicle-images.s3.eu-central-1.amazonaws.com/carcutter-download/58c731105c7f642aaf4596d29c1027ed3_ori_small.jpg",,,,,,,,,,,,,,,,,,
"ADDED",95,,"Opel ASTRA Sports Tourer 1,5 CDTI Elegance Navi DAB","Gebrauchtfahrzeug","Sofort verfügbar","Diesel","Schaltgetriebe","90 kW (122 Ps)","Schwarz / Onyx schwarz","86.100 Km","12/2021","128 €","13.790 €","2.758 €","11.032 €","8.274 €","6.49 %",,"https://darmas.de/fahrzeugmarkt/details/67da8a325f4274591bc82791","https://darmas-vehicle-images.s3.eu-central-1.amazonaws.com/carcutter-download/283b897f2e67efe7f82b10b7105b9184d3_ori_small.jpg",,,,,,,,,,,,,,,,,,
"ADDED",96,,"Hyundai TUCSON Plug-in-Hybrid Prime 4WD Vollausst. TOP","Gebrauchtfahrzeug","Sofort verfügbar","Hybrid (Benzin/Elektro)","Automatik","195 kW (265 Ps)","Grau / Dark Knight","31.691 Km","03/2022","315 €","33.990 €","6.798 €","27.192 €","20.394 €","6.49 %","CO₂-Klasse: B;","https://darmas.de/fahrzeugmarkt/details/67d926d3a97bf6d8f57eea9b","https://darmas-vehicle-images.s3.eu-central-1.amazonaws.com/dp24VehicleId/1e3c435d823f0613a47e3a2ae2c6667c_ori_small.jpg",,,,,,,,,,,,,,,,,,
"ADDED",97,,"Hyundai TUCSON Plug-in-Hybrid 4WD Klimaaut. Apple DAB","Gebrauchtfahrzeug","Sofort verfügbar","Hybrid (Benzin/Elektro)","Automatik","195 kW (265 Ps)","Grau / Amazon Grey","30.309 Km","12/2022","250 €","26.990 €","5.398 €","21.592 €","16.194 €","6.49 %","CO₂-Klasse: B;","https://darmas.de/fahrzeugmarkt/details/67d849cc37d0877fa97216ad","https://darmas-vehicle-images.s3.eu-central-1.amazonaws.com/carcutter-download/37665eabb7957c25b771ed1abf18ff41_ori_small.jpg",,,,,,,,,,,,,,,,,,
"ADDED",98,,"Hyundai TUCSON Plug-in-Hybrid FL MY25 Trend 2WD","Neufahrzeug","Sofort verfügbar","Hybrid (Benzin/Elektro)","Automatik","185 kW (252 Ps)","Grau / Ecotronic Grey",,,"280 €","36.990 €","7.398 €","29.592 €","24.700 €","6.49 %","CO₂-Klasse: B;","https://darmas.de/fahrzeugmarkt/details/67d7bf0837d0877fa9659770","https://darmas-vehicle-images.s3.eu-central-1.amazonaws.com/carcutter-download/65877c4c38994f29f2fb531aa582d555_ori_small.jpg",,,,,,,,,,,,,,,,,,
"ADDED",99,,"Hyundai i10 1.2 Prime Klimaaut. Navi Apple Smart-Key","Gebrauchtfahrzeug","Sofort verfügbar","Benzin","Schaltgetriebe","62 kW (84 Ps)","Weiß / Atlas White","11.641 Km","06/2024","176 €","18.990 €","3.798 €","15.192 €","11.394 €","6.49 %","123 g/km CO₂;","https://darmas.de/fahrzeugmarkt/details/67d45e2337d0877fa95017e6","https://darmas-vehicle-images.s3.eu-central-1.amazonaws.com/carcutter-download/01b810f1ed7bb71103d3c6aef65bc14c60_ori_small.jpg",,,,,,,,,,,,,,,,,,
"ADDED",100,,"Hyundai i10 1.2 Prime Klimaaut. Navi Apple Smart-Key","Gebrauchtfahrzeug","Sofort verfügbar","Benzin","Schaltgetriebe","62 kW (84 Ps)","Weiß / Atlas White","12.023 Km","06/2024","176 €","18.990 €","3.798 €","15.192 €","11.394 €","6.49 %","123 g/km CO₂;","https://darmas.de/fahrzeugmarkt/details/67d45df637d0877fa9500f35","https://darmas-vehicle-images.s3.eu-central-1.amazonaws.com/carcutter-download/01b810f1ed7bb71103d3c6aef65bc14c60_ori_small.jpg",,,,,,,,,,,,,,,,,,
"ADDED",101,,"Hyundai IONIQ 6 Uniq 4WD Klimaaut. Navi Leder TOP","Gebrauchtfahrzeug","Sofort verfügbar","Elektro","Automatik","239 kW (325 Ps)","Gold / Gravity Gold Matt","19.909 Km","08/2023","343 €","36.990 €","7.398 €","29.592 €","22.194 €","6.49 %","0 g/km CO₂;","https://darmas.de/fahrzeugmarkt/details/67d42d97f14befe1c1a4c3e1","https://darmas-vehicle-images.s3.eu-central-1.amazonaws.com/carcutter-download/6e06f8dbcf513cf48fa7c1a3276e1216_ori_small.jpg",,,,,,,,,,,,,,,,,,
"ADDED",102,,"Hyundai TECHNIQ-Paket 58 kWh Leder PanoD Navi Bose TOP","Gebrauchtfahrzeug","Sofort verfügbar","Elektro","Automatik","160 kW (218 Ps)","Schwarz / Abyss Black","7.516 Km","01/2024","338 €","36.490 €","7.298 €","29.192 €","21.894 €","6.49 %","0 g/km CO₂;","https://darmas.de/fahrzeugmarkt/details/67d4262df14befe1c19ee1eb","https://darmas-vehicle-images.s3.eu-central-1.amazonaws.com/dp24VehicleId/098cd37203311c82522bcace106697fde_ori_small.jpg",,,,,,,,,,,,,,,,,,
"ADDED",103,,"Hyundai TUCSON Plug-in-Hybrid Prime 4WD PanoD Leder ECS","Gebrauchtfahrzeug","Sofort verfügbar","Hybrid (Benzin/Elektro)","Automatik","195 kW (265 Ps)","Grau / Dark Knight","5.848 Km","04/2024","343 €","36.990 €","7.398 €","29.592 €","22.194 €","6.49 %","CO₂-Klasse: B;","https://darmas.de/fahrzeugmarkt/details/67d41d44f14befe1c19c4068","https://darmas-vehicle-images.s3.eu-central-1.amazonaws.com/dp24VehicleId/1e3c435d823f0613a47e3a2ae2c6667c_ori_small.jpg",,,,,,,,,,,,,,,,,,
"ADDED",104,,"Hyundai TUCSON Plug-in-Hybrid Trend 4WD Navi PanoD TOP","Gebrauchtfahrzeug","Sofort verfügbar","Hybrid (Benzin/Elektro)","Automatik","195 kW (265 Ps)","Grau / Dark Knight","5.832 Km","04/2024","315 €","33.990 €","6.798 €","27.192 €","20.394 €","6.49 %","CO₂-Klasse: B;","https://darmas.de/fahrzeugmarkt/details/67d41c63f14befe1c19ad16f","https://darmas-vehicle-images.s3.eu-central-1.amazonaws.com/carcutter-download/b698a1e7cf7ec8f455dbf68510b877d18_ori_small.jpg",,,,,,,,,,,,,,,,,,
"ADDED",105,,"Hyundai Tucson Plug-in-Hybrid 4WD Trend Navi LED TOP","Gebrauchtfahrzeug","Sofort verfügbar","Hybrid (Benzin/Elektro)","Automatik","195 kW (265 Ps)","Weiß / Atlas White","6.237 Km","06/2024","306 €","32.990 €","6.598 €","26.392 €","19.794 €","6.49 %","CO₂-Klasse: B;","https://darmas.de/fahrzeugmarkt/details/67d419a2f14befe1c19944f1","https://darmas-vehicle-images.s3.eu-central-1.amazonaws.com/dp24VehicleId/74ae291356383f04d34ed3f8ee8ee320_ori_small.jpg",,,,,,,,,,,,,,,,,,
"ADDED",106,,"Hyundai Tucson 1.6 Turbo 48V DCT Trend 4WD PanoD Navi","Gebrauchtfahrzeug","Sofort verfügbar","Benzin","Automatik","132 kW (180 Ps)","Schwarz / Phantom Black","21.953 Km","02/2021","255 €","27.490 €","5.498 €","21.992 €","16.494 €","6.49 %","137 g/km CO₂;","https://darmas.de/fahrzeugmarkt/details/67d3f6a1f14befe1c19031dc","https://darmas-vehicle-images.s3.eu-central-1.amazonaws.com/14166/0a02e225efd7db891596d783658da631_ori_small.jpg",,,,,,,,,,,,,,,,,,
"ADDED",107,,"Hyundai i10 1.0 Select Klima ZV Lichtsensor nur 10 tkm","Gebrauchtfahrzeug","Sofort verfügbar","Benzin","Schaltgetriebe","49 kW (67 Ps)","Blau / Intense Blue","10.505 Km","02/2021","102 €","10.990 €","2.198 €","8.792 €","6.594 €","6.49 %",,"https://darmas.de/fahrzeugmarkt/details/67d3f3cbf14befe1c18eb495","https://darmas-vehicle-images.s3.eu-central-1.amazonaws.com/5fa17b0d1a62f44c6dcb5818/1f1f210dbd53f1054b8f4e61096e5f5a7e3_ori_small.jpg",,,,,,,,,,,,,,,,,,
"ADDED",108,,"Hyundai TUCSON 1.6 CRDi 48V DCT Prime 2WD Leder Navi","Gebrauchtfahrzeug","Sofort verfügbar","Diesel","Automatik","100 kW (136 Ps)","Weiß / Polar White","29.436 Km","08/2022","297 €","31.990 €","6.398 €","25.592 €","19.194 €","6.49 %","139 g/km CO₂;","https://darmas.de/fahrzeugmarkt/details/67d3f0d1f14befe1c18d4b6b","https://darmas-vehicle-images.s3.eu-central-1.amazonaws.com/dp24VehicleId/0dd237489d4a09c683e319b870153dfc_ori_small.jpg",,,,,,,,,,,,,,,,,,
"ADDED",109,,"Jeep Compass E-Hybrid Sport 1.5L 1.Hd Top","Gebrauchtfahrzeug","Sofort verfügbar","Benzin","Automatik","96 kW (131 Ps)","Grau / Graphite Grey Uni","28.922 Km","04/2024","267 €","28.790 €","5.758 €","23.032 €","17.274 €","6.49 %",,"https://darmas.de/fahrzeugmarkt/details/67d3e3fbf14befe1c18343ae","https://darmas-vehicle-images.s3.eu-central-1.amazonaws.com/carcutter-download/86a7bc9a562a98e6aaf646cf2926c3b3_ori_small.jpg",,,,,,,,,,,,,,,,,,
"ADDED",110,,"Kia Optima sw Plug-in-Hybrid Spirit Navi LED TOP","Gebrauchtfahrzeug","Sofort verfügbar","Hybrid (Benzin/Elektro)","Automatik","113 kW (154 Ps)","Grau / Graphite Metallic","20.465 Km","08/2021","223 €","23.990 €","4.798 €","19.192 €","14.394 €","6.49 %",,"https://darmas.de/fahrzeugmarkt/details/67d3da80f14befe1c1809834","https://darmas-vehicle-images.s3.eu-central-1.amazonaws.com/carcutter-download/f5655c7b94741eba28d14b6c502fc3ac_ori_small.jpg",,,,,,,,,,,,,,,,,,
"ADDED",111,,"Hyundai TUCSON 1.6 Turbo 48V Select Klimaaut. Navi TOP","Gebrauchtfahrzeug","Sofort verfügbar","Benzin","Schaltgetriebe","110 kW (150 Ps)","Schwarz / Phantom Black","51.070 Km","06/2021","223 €","23.990 €","4.798 €","19.192 €","14.394 €","6.49 %","136 g/km CO₂;","https://darmas.de/fahrzeugmarkt/details/67d30f0df14befe1c1757911","https://darmas-vehicle-images.s3.eu-central-1.amazonaws.com/dp24VehicleId/48d19fc03cb43862d4f6eb5101aff79c1_ori_small.jpg",,,,,,,,,,,,,,,,,,
"ADDED",112,,"Hyundai TUCSON Plug-in-Hybrid 4WD Navi Apple PDC TOP","Gebrauchtfahrzeug","Sofort verfügbar","Hybrid (Benzin/Elektro)","Automatik","195 kW (265 Ps)","Blau / Teal Blue","20.392 Km","10/2021","241 €","25.990 €","5.198 €","20.792 €","15.594 €","6.49 %","CO₂-Klasse: B;","https://darmas.de/fahrzeugmarkt/details/67d30dd5f14befe1c1741179","https://darmas-vehicle-images.s3.eu-central-1.amazonaws.com/carcutter-download/b92fdfcef7a85c26e79254ecd2496953_ori_small.jpg",,,,,,,,,,,,,,,,,,
"ADDED",113,,"Hyundai TUCSON Plug-in-Hybrid Prime 4WD Leder Navi TOP","Gebrauchtfahrzeug","Sofort verfügbar","Hybrid (Benzin/Elektro)","Automatik","195 kW (265 Ps)","Grau / Amazon Grey","21.543 Km","09/2021","269 €","28.990 €","5.798 €","23.192 €","17.394 €","6.49 %","CO₂-Klasse: B;","https://darmas.de/fahrzeugmarkt/details/67d309d3f14befe1c1714984","https://darmas-vehicle-images.s3.eu-central-1.amazonaws.com/carcutter-download/19877c5264cbd10ce51eecf468bc0ccbf_ori_small.jpg",,,,,,,,,,,,,,,,,,
"ADDED",114,,"Hyundai i30 1.5 Turbo 48V DCT N Line Navi PanoD LED TOP","Gebrauchtfahrzeug","Sofort verfügbar","Benzin","Automatik","118 kW (160 Ps)","Weiß / Atlas White","13.160 Km","06/2024","232 €","24.990 €","4.998 €","19.992 €","14.994 €","6.49 %","142 g/km CO₂;","https://darmas.de/fahrzeugmarkt/details/67d2e6d1f14befe1c16bb479","https://darmas-vehicle-images.s3.eu-central-1.amazonaws.com/carcutter-download/4153372ca1fdc9f777d1910d16f8f103cf_ori_small.jpg",,,,,,,,,,,,,,,,,,
"ADDED",115,,"Hyundai i30 Kombi 1.5 Turbo DCT 48V Trend Navi Apple","Gebrauchtfahrzeug","Sofort verfügbar","Benzin","Automatik","118 kW (160 Ps)","Rot / Engine Red","15.252 Km","06/2024","213 €","22.990 €","4.598 €","18.392 €","13.794 €","6.49 %","142 g/km CO₂;","https://darmas.de/fahrzeugmarkt/details/67d2c142f14befe1c15fda50","https://darmas-vehicle-images.s3.eu-central-1.amazonaws.com/carcutter-download/6826b00e0e6a6810e5dd26045cdd8ecfd_ori_small.jpg",,,,,,,,,,,,,,,,,,
"ADDED",116,,"Hyundai i30 1.0 Turbo Connect & Go Navi LED Apple TOP","Gebrauchtfahrzeug","Sofort verfügbar","Benzin","Schaltgetriebe","88 kW (120 Ps)","Weiß / Serenity White","16.907 Km","05/2024","190 €","20.490 €","4.098 €","16.392 €","12.294 €","6.49 %","127 g/km CO₂;","https://darmas.de/fahrzeugmarkt/details/67d29187f14befe1c15ad0cd","https://darmas-vehicle-images.s3.eu-central-1.amazonaws.com/dp24VehicleId/162fe3cbd891610adfb737f76b220b6dc_ori_small.jpg",,,,,,,,,,,,,,,,,,
"ADDED",117,,"Audi Audi Q3 1.4 TFSI S TRONIC Nav Keyless Xenon Ahk","Gebrauchtfahrzeug","Sofort verfügbar","Benzin","Automatik","110 kW (150 Ps)","Schwarz / Black","67.422 Km","10/2014","147 €","15.790 €","3.158 €","12.632 €","9.474 €","6.49 %",,"https://darmas.de/fahrzeugmarkt/details/67d2901ef14befe1c15abc68","https://darmas-vehicle-images.s3.eu-central-1.amazonaws.com/carcutter-download/4cb94df8f4d5f5cc83941020d49862661_ori_small.jpg",,,,,,,,,,,,,,,,,,
"ADDED",118,,"Hyundai i20 1.0 Turbo Trend Mod. 24 Klimaaut. Navi Bose","Gebrauchtfahrzeug","Sofort verfügbar","Benzin","Schaltgetriebe","74 kW (101 Ps)","Weiß / Atlas White","18.319 Km","06/2024","199 €","21.490 €","4.298 €","17.192 €","12.894 €","6.49 %","127 g/km CO₂;","https://darmas.de/fahrzeugmarkt/details/67d28e64f14befe1c15a6ea5","https://darmas-vehicle-images.s3.eu-central-1.amazonaws.com/carcutter-download/caae933090d3f3109dc0371cf8e6a451d_ori_small.jpg",,,,,,,,,,,,,,,,,,
"ADDED",119,,"Hyundai i20 1.0 Turbo Trend Mod. 24 Klimaaut. Navi Bose","Gebrauchtfahrzeug","Sofort verfügbar","Benzin","Schaltgetriebe","74 kW (101 Ps)","Schwarz / Phantom Black","7.890 Km","06/2024","204 €","21.990 €","4.398 €","17.592 €","13.194 €","6.49 %","127 g/km CO₂;","https://darmas.de/fahrzeugmarkt/details/67d28e11f14befe1c15a5ffe","https://darmas-vehicle-images.s3.eu-central-1.amazonaws.com/carcutter-download/43669ae01c82e885810b8ac0410fc8afd5_ori_small.jpg",,,,,,,,,,,,,,,,,,
"ADDED",120,,"Opel Astra 1.5 D ST Autom. Elegance Led Pdc Nav Shz","Gebrauchtfahrzeug","Sofort verfügbar","Diesel","Automatik","90 kW (122 Ps)","Schwarz / Black","57.443 Km","04/2022","149 €","15.990 €","3.198 €","12.792 €","9.594 €","6.49 %",,"https://darmas.de/fahrzeugmarkt/details/67d28c89f14befe1c157d310","https://darmas-vehicle-images.s3.eu-central-1.amazonaws.com/carcutter-download/716a1d14ee4e853367cc309378d99109c_ori_small.jpg",,,,,,,,,,,,,,,,,,
"ADDED",121,,"Hyundai i20 1.0 Turbo Trend Mod. 24 Klimaaut. Navi TOP","Gebrauchtfahrzeug","Sofort verfügbar","Benzin","Schaltgetriebe","74 kW (101 Ps)","Weiß / Atlas White","12.914 Km","06/2024","199 €","21.490 €","4.298 €","17.192 €","12.894 €","6.49 %","127 g/km CO₂;","https://darmas.de/fahrzeugmarkt/details/67d287bcf14befe1c15757fc","https://darmas-vehicle-images.s3.eu-central-1.amazonaws.com/carcutter-download/5d403b9734d4bc9051202f2d7118feee_ori_small.jpg",,,,,,,,,,,,,,,,,,
"ADDED",122,,"Hyundai i20 1.0 Turbo Trend Mod. 24 Klimaaut. Navi TOP","Gebrauchtfahrzeug","Sofort verfügbar","Benzin","Schaltgetriebe","74 kW (101 Ps)","Weiß / Atlas White","6.111 Km","06/2024","186 €","19.990 €","3.998 €","15.992 €","11.994 €","6.49 %","127 g/km CO₂;","https://darmas.de/fahrzeugmarkt/details/67d2874ef14befe1c156db7d","https://darmas-vehicle-images.s3.eu-central-1.amazonaws.com/carcutter-download/5d403b9734d4bc9051202f2d7118feee_ori_small.jpg",,,,,,,,,,,,,,,,,,
"ADDED",123,,"Hyundai i20 1.0 Turbo Trend Mod. 24 Klimaaut. Navi TOP","Gebrauchtfahrzeug","Sofort verfügbar","Benzin","Schaltgetriebe","74 kW (101 Ps)","Weiß / Atlas White","8.034 Km","06/2024","186 €","19.990 €","3.998 €","15.992 €","11.994 €","6.49 %","127 g/km CO₂;","https://darmas.de/fahrzeugmarkt/details/67d2870ff14befe1c156d186","https://darmas-vehicle-images.s3.eu-central-1.amazonaws.com/carcutter-download/5d403b9734d4bc9051202f2d7118feee_ori_small.jpg",,,,,,,,,,,,,,,,,,
"ADDED",124,,"Hyundai i20 1.0 Turbo Trend Mod. 24 Klimaaut. Navi TOP","Gebrauchtfahrzeug","Sofort verfügbar","Benzin","Schaltgetriebe","74 kW (101 Ps)","Weiß / Atlas White","11.894 Km","06/2024","186 €","19.990 €","3.998 €","15.992 €","11.994 €","6.49 %","127 g/km CO₂;","https://darmas.de/fahrzeugmarkt/details/67d286adf14befe1c155ec1f","https://darmas-vehicle-images.s3.eu-central-1.amazonaws.com/carcutter-download/5d403b9734d4bc9051202f2d7118feee_ori_small.jpg",,,,,,,,,,,,,,,,,,
"ADDED",125,,"Hyundai i20 1.0 Turbo Trend Mod. 24 Klimaaut. Navi TOP","Gebrauchtfahrzeug","Sofort verfügbar","Benzin","Schaltgetriebe","74 kW (101 Ps)","Weiß / Atlas White","11.939 Km","06/2024","195 €","20.990 €","4.198 €","16.792 €","12.594 €","6.49 %","127 g/km CO₂;","https://darmas.de/fahrzeugmarkt/details/67d28634f14befe1c15570a1","https://darmas-vehicle-images.s3.eu-central-1.amazonaws.com/carcutter-download/5d403b9734d4bc9051202f2d7118feee_ori_small.jpg",,,,,,,,,,,,,,,,,,
"ADDED",126,,"Hyundai i20 1.0 Turbo Trend Mod. 24 Klimaaut. Navi TOP","Gebrauchtfahrzeug","Sofort verfügbar","Benzin","Schaltgetriebe","74 kW (101 Ps)","Weiß / Atlas White","10.628 Km","06/2024","195 €","20.990 €","4.198 €","16.792 €","12.594 €","6.49 %","127 g/km CO₂;","https://darmas.de/fahrzeugmarkt/details/67d285f5f14befe1c1556727","https://darmas-vehicle-images.s3.eu-central-1.amazonaws.com/carcutter-download/5d403b9734d4bc9051202f2d7118feee_ori_small.jpg",,,,,,,,,,,,,,,,,,
"ADDED",127,,"Hyundai i20 1.0 Turbo Trend Mod. 24 Klima Navi TOP","Gebrauchtfahrzeug","Sofort verfügbar","Benzin","Schaltgetriebe","74 kW (101 Ps)","Weiß / Atlas White","12.826 Km","06/2024","195 €","20.990 €","4.198 €","16.792 €","12.594 €","6.49 %","127 g/km CO₂;","https://darmas.de/fahrzeugmarkt/details/67d19c93f14befe1c14d5619","https://darmas-vehicle-images.s3.eu-central-1.amazonaws.com/carcutter-download/1099f546f880ea4c109a424508adb0eea_ori_small.jpg",,,,,,,,,,,,,,,,,,
"ADDED",128,,"Hyundai i20 1.0 Turbo Trend Mod. 24 Klima Navi TOP","Gebrauchtfahrzeug","Sofort verfügbar","Benzin","Schaltgetriebe","74 kW (101 Ps)","Weiß / Atlas White","4.319 Km","06/2024","190 €","20.490 €","4.098 €","16.392 €","12.294 €","6.49 %","127 g/km CO₂;","https://darmas.de/fahrzeugmarkt/details/67d19c3ff14befe1c14d4b59","https://darmas-vehicle-images.s3.eu-central-1.amazonaws.com/carcutter-download/1099f546f880ea4c109a424508adb0eea_ori_small.jpg",,,,,,,,,,,,,,,,,,
"ADDED",129,,"Hyundai i20 1.0 Turbo Trend Mod. 24 Klima Navi TOP","Gebrauchtfahrzeug","Sofort verfügbar","Benzin","Schaltgetriebe","74 kW (101 Ps)","Weiß / Atlas White","10.858 Km","06/2024","190 €","20.490 €","4.098 €","16.392 €","12.294 €","6.49 %","127 g/km CO₂;","https://darmas.de/fahrzeugmarkt/details/67d19be6f14befe1c14d40e8","https://darmas-vehicle-images.s3.eu-central-1.amazonaws.com/carcutter-download/1099f546f880ea4c109a424508adb0eea_ori_small.jpg",,,,,,,,,,,,,,,,,,
"ADDED",130,,"Hyundai i20 1.0 Turbo Trend Mod. 24 Klima Navi TOP","Gebrauchtfahrzeug","Sofort verfügbar","Benzin","Schaltgetriebe","74 kW (101 Ps)","Schwarz / Phantom Black","14.828 Km","06/2024","195 €","20.990 €","4.198 €","16.792 €","12.594 €","6.49 %","127 g/km CO₂;","https://darmas.de/fahrzeugmarkt/details/67d19aebf14befe1c14d24e0","https://darmas-vehicle-images.s3.eu-central-1.amazonaws.com/carcutter-download/4dd5e7552103e305a1686919a6a60e890_ori_small.jpg",,,,,,,,,,,,,,,,,,
"ADDED",131,,"Hyundai i20 1.0 Turbo Trend Mod. 24 Klima Navi TOP","Gebrauchtfahrzeug","Sofort verfügbar","Benzin","Schaltgetriebe","74 kW (101 Ps)","Schwarz / Phantom Black","14.319 Km","06/2024","190 €","20.490 €","4.098 €","16.392 €","12.294 €","6.49 %","127 g/km CO₂;","https://darmas.de/fahrzeugmarkt/details/67d19a53f14befe1c14d0a93","https://darmas-vehicle-images.s3.eu-central-1.amazonaws.com/carcutter-download/4dd5e7552103e305a1686919a6a60e890_ori_small.jpg",,,,,,,,,,,,,,,,,,
"ADDED",132,,"Hyundai i20 1.0 Turbo Trend Mod. 24 Klima Navi TOP","Gebrauchtfahrzeug","Sofort verfügbar","Benzin","Schaltgetriebe","74 kW (101 Ps)","Schwarz / Phantom Black","6.587 Km","06/2024","190 €","20.490 €","4.098 €","16.392 €","12.294 €","6.49 %","127 g/km CO₂;","https://darmas.de/fahrzeugmarkt/details/67d19979f14befe1c14ce002","https://darmas-vehicle-images.s3.eu-central-1.amazonaws.com/carcutter-download/4dd5e7552103e305a1686919a6a60e890_ori_small.jpg",,,,,,,,,,,,,,,,,,
"ADDED",133,,"Hyundai i20 1.0 Turbo 48V Prime Klimaaut. Navi Bose TOP","Gebrauchtfahrzeug","Sofort verfügbar","Benzin","Schaltgetriebe","88 kW (120 Ps)","Grau / Aurora Grey","3.885 Km","06/2024","204 €","21.990 €","4.398 €","17.592 €","13.194 €","6.49 %","120 g/km CO₂;","https://darmas.de/fahrzeugmarkt/details/67d198c2f14befe1c14cc9a9","https://darmas-vehicle-images.s3.eu-central-1.amazonaws.com/carcutter-download/ed331094b10064d8e10fc4224106464010a5c_ori_small.jpg",,,,,,,,,,,,,,,,,,
"ADDED",134,,"Hyundai i20 1.0 Turbo 48V Prime Klimaaut. Navi Bose TOP","Gebrauchtfahrzeug","Sofort verfügbar","Benzin","Schaltgetriebe","88 kW (120 Ps)","Grau / Aurora Grey","9.782 Km","06/2024","204 €","21.990 €","4.398 €","17.592 €","13.194 €","6.49 %","120 g/km CO₂;","https://darmas.de/fahrzeugmarkt/details/67d197f8f14befe1c14cab44","https://darmas-vehicle-images.s3.eu-central-1.amazonaws.com/carcutter-download/ed331094b10064d8e10fc4224106464010a5c_ori_small.jpg",,,,,,,,,,,,,,,,,,
"ADDED",135,,"Hyundai i20 1.0 Turbo 48V Prime Klimaaut. Navi Bose TOP","Gebrauchtfahrzeug","Sofort verfügbar","Benzin","Schaltgetriebe","88 kW (120 Ps)","Grün / Mangrove Green","8.846 Km","06/2024","199 €","21.490 €","4.298 €","17.192 €","12.894 €","6.49 %","120 g/km CO₂;","https://darmas.de/fahrzeugmarkt/details/67d19677f14befe1c14b69d9","https://darmas-vehicle-images.s3.eu-central-1.amazonaws.com/carcutter-download/7ad5eebd410676837a45671097856d8c25_ori_small.jpg",,,,,,,,,,,,,,,,,,
"ADDED",136,,"Hyundai i20 1.0 Turbo 48V Prime Klimaaut. Navi Bose TOP","Gebrauchtfahrzeug","Sofort verfügbar","Benzin","Schaltgetriebe","88 kW (120 Ps)","Weiß / Atlas White","5.909 Km","06/2024","199 €","21.490 €","4.298 €","17.192 €","12.894 €","6.49 %","120 g/km CO₂;","https://darmas.de/fahrzeugmarkt/details/67d19275f14befe1c147e15e","https://darmas-vehicle-images.s3.eu-central-1.amazonaws.com/carcutter-download/104d15ad61abb1884fe9627fc2a13eaf3_ori_small.jpg",,,,,,,,,,,,,,,,,,
"ADDED",137,,"Hyundai i20 1.0 Turbo 48V Prime Navi Apple PDC TOP","Gebrauchtfahrzeug","Sofort verfügbar","Benzin","Schaltgetriebe","88 kW (120 Ps)","Schwarz / Phantom Black","7.118 Km","06/2024","204 €","21.990 €","4.398 €","17.592 €","13.194 €","6.49 %","120 g/km CO₂;","https://darmas.de/fahrzeugmarkt/details/67d1892bf14befe1c1463890","https://darmas-vehicle-images.s3.eu-central-1.amazonaws.com/carcutter-download/b30b3efd604bfb33bd6097affb3e60b2_ori_small.jpg",,,,,,,,,,,,,,,,,,
"ADDED",138,,"Hyundai i20 1.0 Turbo 48V Prime Navi Apple PDC TOP","Gebrauchtfahrzeug","Sofort verfügbar","Benzin","Schaltgetriebe","88 kW (120 Ps)","Schwarz / Phantom Black","9.106 Km","06/2024","204 €","21.990 €","4.398 €","17.592 €","13.194 €","6.49 %","120 g/km CO₂;","https://darmas.de/fahrzeugmarkt/details/67d188c0f14befe1c14610b7","https://darmas-vehicle-images.s3.eu-central-1.amazonaws.com/carcutter-download/b30b3efd604bfb33bd6097affb3e60b2_ori_small.jpg",,,,,,,,,,,,,,,,,,
"ADDED",139,,"Hyundai i20 1.0 Turbo 48V Prime Navi Apple PDC TOP","Gebrauchtfahrzeug","Sofort verfügbar","Benzin","Schaltgetriebe","88 kW (120 Ps)","Schwarz / Phantom Black","6.345 Km","06/2024","204 €","21.990 €","4.398 €","17.592 €","13.194 €","6.49 %","120 g/km CO₂;","https://darmas.de/fahrzeugmarkt/details/67d18866f14befe1c145fb93","https://darmas-vehicle-images.s3.eu-central-1.amazonaws.com/carcutter-download/b30b3efd604bfb33bd6097affb3e60b2_ori_small.jpg",,,,,,,,,,,,,,,,,,
"ADDED",140,,"Hyundai i20 1.0 Turbo 48V Prime Navi Apple PDC TOP","Gebrauchtfahrzeug","Sofort verfügbar","Benzin","Schaltgetriebe","88 kW (120 Ps)","Schwarz / Phantom Black","8.802 Km","06/2024","204 €","21.990 €","4.398 €","17.592 €","13.194 €","6.49 %","120 g/km CO₂;","https://darmas.de/fahrzeugmarkt/details/67d18810f14befe1c145dbb0","https://darmas-vehicle-images.s3.eu-central-1.amazonaws.com/carcutter-download/b30b3efd604bfb33bd6097affb3e60b2_ori_small.jpg",,,,,,,,,,,,,,,,,,
"ADDED",141,,"Volkswagen Touran 1.5 TSI GOAL PanoD Navi LED Kamera TOP","Gebrauchtfahrzeug","Sofort verfügbar","Benzin","Schaltgetriebe","110 kW (150 Ps)","Weiß / Pure White","9.850 Km","09/2024","287 €","30.990 €","6.198 €","24.792 €","18.594 €","6.49 %",,"https://darmas.de/fahrzeugmarkt/details/67d03e6bf14befe1c119c327","https://darmas-vehicle-images.s3.eu-central-1.amazonaws.com/carcutter-download/c9962a63c691b71917fd54455e3dc9e4_ori_small.jpg",,,,,,,,,,,,,,,,,,
"ADDED",142,,"Hyundai i10 1.0 Turbo N Line Klimaaut. DAB Kamera TOP","Gebrauchtfahrzeug","Sofort verfügbar","Benzin","Schaltgetriebe","74 kW (101 Ps)","Grau / Lumen Grey/ Phantom Black","6.225 Km","06/2024","186 €","19.990 €","3.998 €","15.992 €","11.994 €","6.49 %","123 g/km CO₂;","https://darmas.de/fahrzeugmarkt/details/67d18672f14befe1c1456588","https://darmas-vehicle-images.s3.eu-central-1.amazonaws.com/carcutter-download/21010dc9259101489e24ea75fbdbeaab62_ori_small.jpg",,,,,,,,,,,,,,,,,,
"ADDED",143,,"Hyundai i30 Kombi 1.0 Turbo DCT Connect & Go Navi TOP","Gebrauchtfahrzeug","Sofort verfügbar","Benzin","Automatik","88 kW (120 Ps)","Schwarz / Abyss Black","19.779 Km","12/2023","204 €","21.990 €","4.398 €","17.592 €","13.194 €","6.49 %","131 g/km CO₂;","https://darmas.de/fahrzeugmarkt/details/67d18313f14befe1c143c449","https://darmas-vehicle-images.s3.eu-central-1.amazonaws.com/carcutter-download/691cf829164289649f8869ee6ae36501_ori_small.jpg",,,,,,,,,,,,,,,,,,
"ADDED",144,,"Hyundai i30 Kombi 1.0 Turbo DCT Connect & Go navi TOP","Gebrauchtfahrzeug","Sofort verfügbar","Benzin","Automatik","88 kW (120 Ps)","Grau / Dark Knight","9.473 Km","05/2024","204 €","21.990 €","4.398 €","17.592 €","13.194 €","6.49 %","131 g/km CO₂;","https://darmas.de/fahrzeugmarkt/details/67d18280f14befe1c142e4b3","https://darmas-vehicle-images.s3.eu-central-1.amazonaws.com/carcutter-download/82bd49ff711b488a3e628c67a5e8afac_ori_small.jpg",,,,,,,,,,,,,,,,,,
"ADDED",145,,"Hyundai i30 Kombi 1.0 Turbo Connect & Go Navi LED TOP","Gebrauchtfahrzeug","Sofort verfügbar","Benzin","Schaltgetriebe","88 kW (120 Ps)","Weiß / Serenity White","15.803 Km","05/2024","195 €","20.990 €","4.198 €","16.792 €","12.594 €","6.49 %","142 g/km CO₂;","https://darmas.de/fahrzeugmarkt/details/67d18210f14befe1c142d985","https://darmas-vehicle-images.s3.eu-central-1.amazonaws.com/carcutter-download/be8e3e17aba12508b4ab1b18aa2f4622_ori_small.jpg",,,,,,,,,,,,,,,,,,
"ADDED",146,,"Hyundai i30 1.0 Turbo Connect & Go Navi DAB 1.Hd. TOP","Gebrauchtfahrzeug","Sofort verfügbar","Benzin","Schaltgetriebe","88 kW (120 Ps)","Grau / Dark Knight","11.779 Km","05/2024","195 €","20.990 €","4.198 €","16.792 €","12.594 €","6.49 %","127 g/km CO₂;","https://darmas.de/fahrzeugmarkt/details/67d18135f14befe1c142a451","https://darmas-vehicle-images.s3.eu-central-1.amazonaws.com/dp24VehicleId/9e49de5107823595b5e21021ca154b6ae3_ori_small.jpg",,,,,,,,,,,,,,,,,,
"ADDED",147,,"Audi A4 Avant 2.0 35 TFSI MHEV S tronic S line Navi","Gebrauchtfahrzeug","Sofort verfügbar","Benzin","Automatik","110 kW (150 Ps)","Schwarz / Mythosschwarz Metallic","18.597 Km","09/2023","306 €","32.990 €","6.598 €","26.392 €","19.794 €","6.49 %",,"https://darmas.de/fahrzeugmarkt/details/67d17c1ef14befe1c13f9cdd","https://darmas-vehicle-images.s3.eu-central-1.amazonaws.com/carcutter-download/c8f3e30f6fd671d51084173d3969d2fe1_ori_small.jpg",,,,,,,,,,,,,,,,,,
"ADDED",148,,"Hyundai IONIQ 6 Uniq 4WD Navi Leder Head-up 20 Alu GSD","Gebrauchtfahrzeug","Sofort verfügbar","Elektro","Automatik","239 kW (325 Ps)","Grau / Nocturne Gray Met.","11.947 Km","01/2024","352 €","37.990 €","7.598 €","30.392 €","22.794 €","6.49 %","0 g/km CO₂;","https://darmas.de/fahrzeugmarkt/details/67d15e3cf14befe1c1368b98","https://darmas-vehicle-images.s3.eu-central-1.amazonaws.com/carcutter-download/cd1210ff9810acfde7f39a2f05a264e486_ori_small.jpg",,,,,,,,,,,,,,,,,,
"ADDED",149,,"Hyundai IONIQ 5 Uniq Leder Navi Head-up Bose Apple TOP","Gebrauchtfahrzeug","Sofort verfügbar","Elektro","Automatik","239 kW (325 Ps)","Schwarz / Abyss Black","11.058 Km","01/2024","412 €","44.490 €","8.898 €","35.592 €","26.694 €","6.49 %","0 g/km CO₂;","https://darmas.de/fahrzeugmarkt/details/67d15a74f14befe1c132c8e9","https://darmas-vehicle-images.s3.eu-central-1.amazonaws.com/carcutter-download/f2a8a11f719d5a218b9715f66e103cb72_ori_small.jpg",,,,,,,,,,,,,,,,,,
"ADDED",150,,"Mercedes-Benz A 200 7G-DCT ""AMG-Line"" LED Navi Leder RFK","Gebrauchtfahrzeug","Sofort verfügbar","Benzin","Automatik","120 kW (163 Ps)","Weiß / Polarweiss Uni","62.090 Km","03/2019","230 €","24.790 €","4.958 €","19.832 €","14.874 €","6.49 %",,"https://darmas.de/fahrzeugmarkt/details/67d155daf14befe1c12c7031","https://darmas-vehicle-images.s3.eu-central-1.amazonaws.com/carcutter-download/685f4e038fcb979fd1559528482d1081f_ori_small.jpg",,,,,,,,,,,,,,,,,,
